<?xml version="1.0" encoding="utf-8"?>
<feed xmlns="http://www.w3.org/2005/Atom"
    xmlns:rdf="http://www.w3.org/1999/02/22-rdf-syntax-ns#"
    xmlns:leap2="http://terms.leapspecs.org/"
    xmlns:categories="http://wiki.leapspecs.org/2A/categories/"
    xmlns:portfolio="https://eportfolio.u-pec.fr/export/leap/3578/1665664536/"
    xmlns:mahara="http://wiki.mahara.org/Developer_Area/Import%2F%2FExport/LEAP_Extensions#"
>
    <leap2:version>http://www.leapspecs.org/2010-07/2A/</leap2:version>
    <id>https://eportfolio.u-pec.fr/export/3578/1665664536</id>
    <title>Mahara Leap2A Export for Mounir BENTEFRIT, 13/10/2022 14:35</title>
    <updated>2022-10-13T14:02:36+02:00</updated>
    <generator uri="https://mahara.org/" version="2008122400">Mahara</generator>
    <author>
        <name>Mounir BENTEFRIT</name>
        <email>mounir.bentefrit@etu.u-pec.fr</email>
        <uri>portfolio:artefactinternal</uri>
    </author>

    <entry>
        <title>Profile page</title>
        <id>portfolio:view30764</id>

        <updated>2022-09-27T11:11:46+02:00</updated>
        <published>2022-09-20T16:04:30+02:00</published>

        <summary type="xhtml"><div xmlns="http://www.w3.org/1999/xhtml"><div>Your profile page is what others see when they click on your name or profile picture.</div></div></summary>

   <subtitle type="xhtml"><div xmlns="http://www.w3.org/1999/xhtml"><div></div></div></subtitle>
        <content type="xhtml"><div xmlns="http://www.w3.org/1999/xhtml"><div><div id="user_block_133710"><div class="bt-image gridstackblock card card-secondary clearfix" id="user_blockinstance_133710">
    
        <div class="block-header d-none">
    
        <a class="commentlink" href="#" title="">
        
            
                <span class="icon icon-plus" title="Commentaires et les détails"></span>
                Ajouter un commentaire
                <span class="bh-margin-left icon icon-search-plus"></span>
                Détails
            
        
        </a>
    
</div>

    
    
    
        <h2 class="title card-header js-heading">
            

            <span class="collapse-inline">
                Site en cours d'élaboration ... 
                
            </span>

            

        </h2>
    

    <div class="block" id="user_blockinstance_133710_target">
        
        
            <div class="imageblock card-body">
    <div class="image">
        
        <a class="modal_link" href="#">
            <img rel="leap2:has_part" href="portfolio:artefact87825" alt="En-travaux.jpg" title="En-travaux.jpg" />
        </a>
        
    </div>

    
</div>

        
    </div>
</div>
</div></div></div></content>
        <rdf:type rdf:resource="leap2:selection"/>

        <link rel="leap2:has_part" href="portfolio:artefact87825"/>


        <category term="Webpage" scheme="categories:selection_type#"/>





        <mahara:view mahara:newlayout="1" mahara:type="profile" mahara:ownerformat="6">
        
            
            <mahara:blockinstance mahara:blocktype="image" mahara:blocktitle="Site en cours d&#039;élaboration ... " mahara:positionx="2" mahara:positiony="0" mahara:height="53" mahara:width="9">
                
                    
                    <mahara:artefactid>[&quot;portfolio:artefact87825&quot;]</mahara:artefactid>
                    
                
                    
                    <mahara:showdescription>[false]</mahara:showdescription>
                    
                
                    
                    <mahara:width>[&quot;1170&quot;]</mahara:width>
                    
                
                    
                    <mahara:retractable>[0]</mahara:retractable>
                    
                
                    
                    <mahara:retractedonload>[0]</mahara:retractedonload>
                    
                
                
                
            </mahara:blockinstance>
            
        
        </mahara:view>
    </entry>

    <entry>
        <title>Dashboard page</title>
        <id>portfolio:view30766</id>

        <updated>2022-10-03T12:12:45+02:00</updated>
        <published>2022-09-20T16:04:30+02:00</published>

        <summary type="xhtml"><div xmlns="http://www.w3.org/1999/xhtml"><div></div></div></summary>

   <subtitle type="xhtml"><div xmlns="http://www.w3.org/1999/xhtml"><div></div></div></subtitle>
        <content type="xhtml"><div xmlns="http://www.w3.org/1999/xhtml"><div><div id="user_block_133717"><div class="bt-entireresume gridstackblock card card-secondary clearfix" id="user_blockinstance_133717">
    
    
    
        <h2 class="title card-header js-heading">
            

            <span class="collapse-inline">
                Emplacement
                
            </span>

            

        </h2>
    

    <div class="block" id="user_blockinstance_133717_target">
        
        
            
<div class="list-group">
    

    
    <div class="list-group-item flush">
        <h3 class="title">Centres d'intérêt</h3>
        
    <div class="card-body flush">
        <p>Mes principaux centres d'intêrets sont :</p>
<p> </p>
    </div>


    </div>
    

    

    
    <div class="list-group-item flush">
        <h3 class="title">Informations personnelles</h3>
        <div class="card-body flush">
    <table class="table resumepersonalinfo profile-info">
    
        
        <tr>
            <th>Date de naissance</th>
            <td>18 December 2004</td>
        </tr>
        
    
        
        <tr>
            <th>Lieu de naissance</th>
            <td>Créteil</td>
        </tr>
        
    
        
        <tr>
            <th>Citoyenneté</th>
            <td>Française</td>
        </tr>
        
    
        
    
        
        <tr>
            <th>Sexe</th>
            <td>Homme</td>
        </tr>
        
    
        
        <tr>
            <th>Etat civil</th>
            <td>Célibataire</td>
        </tr>
        
    
    </table>
    
</div>

    </div>
    

    
        <div class="list-group-item flush">
            

            

            
            <div class="resume-content">
                <h3 class="title">Objectifs de carrière</h3>
                <div class="card-body flush">
<p><strong>Objectifs de carrière :</strong></p>
<ul>
<li><strong>Poursuite d'études : Etant actuellement étudiant à l'IUT de Vitry dans le domaine du BUT - Réseaux et Télécommunications, je compte pouvoir après cette première année passée </strong></li>
</ul>


</div>

            </div>
            

        </div>
    

    
        <div class="list-group-item flush">
            
            <div class="resume-content">
                <h3 class="title">Compétences personnelles</h3>
                <div class="card-body flush">
<p><span style="text-decoration:underline;"><strong>Compétences :</strong></span></p>
<ul>
<li style="list-style-type:none;">
<ul>
<li><strong>Informatique 💻 :</strong> L'une des compétences auquel j'ai une bonne maîtrise est l'informatique, auquel j'ai une réel passion pour ce domaine qui évolue constamment chaque jour. Étant curieux et passionné par ce domaine, j'ai pu apprendre à coder une page HTML et une page CSS en regardant plusieurs tutoriels. Je peux installer un système d'exploitation sur un ordinateur n'en possédant aucun, détecter d'éventuels pannes auxquels un ordinateur peut encontrer et bien d'autres choses. J'ai une base solide en informatique qui me permet de découvrir encore de nouvelles choses dans ce domaine qui évolue constamment chaque jour.</li>
<li>
<p><strong>Capacité à gérer un petit groupe de personne : </strong><span style="font-family:verdana, geneva;">La 2ème compétence à laquelle je souhaite mettre en avant, c'est la capacité à pouvoir gérer une équipe. En ayant cette capacité, je peux répartir des tâches à l'ensemble de l'équipe en expliquant de manière claire à chacun des membres de cette équipe comment doivent-ils s'organiser afin que nous soyons organisé et efficace sur notre tâche ou notre mission à réaliser. A mon niveau d'étudiant, lors de séances de TP notamment et que nous devons réaliser un défi, c'est à dire demande alors une implication de l'ensemble du groupe, je peux répartir les différentes tâches entre les différents membres de l'équipe.</span></p>
</li>
</ul>
</li>
</ul>


</div>

            </div>
            

            

            
        </div>
    

    
        <div class="list-group-item flush">
            

            
            <div class="resume-content">
                <h3 class="title">Historique de formation</h3>
                

<div id="user_educationhistorylist_1164" class="list-group list-group-lite list-group-top-border">
    
    <div class="list-group-item flush-collapsible">
        
            <h3 class="list-group-item-heading">
                <a href="#education-content-942" class="text-left collapsed collapsible">
                    Baccalauréat (Diplôme) à LYCEE JOHANNES GUTENBERG
                    <span class="icon icon-chevron-down float-right collapse-indicator"></span>
                </a>
            </h3>
        

        <span class="text-small text-muted">
            Juillet 2022
            
        </span>

        <div id="user_education-content-942" class="collapse resume-content">
            

            
                <span class="text-small text-muted">
                    Adresse : 16 - 18 Rue de Saussure, 94000 Créteil
                </span>
            

            
        </div>
    </div>
    
</div>


            </div>
            
        </div>
    


    

    

    
</div>


        
    </div>
</div>
</div><div id="user_block_131872"><div class="bt-inbox gridstackblock card card-secondary clearfix" id="user_blockinstance_131872">
    
    
    
        <h2 class="title card-header js-heading">
            

            <span class="collapse-inline">
                Boîte de réception
                
            </span>

            

        </h2>
    

    <div class="block" id="user_blockinstance_131872_target">
        
        
            
    <div id="user_inboxblock" class="inboxblock list-group">
        
        <div class="collapsible list-group-item flush-collapsible">
            
                <h3 class="title list-group-item-heading"><a class="collapsed link-block" href="#message_content_maharamessage_53221">
                    
                        <span class="icon icon-wrench text-default left"></span>
                    
                    <span class="sr-only">Messages système</span>
                    <span class="subject">Confirmation d'affiliation à une institution</span>
                    <span class="icon icon-chevron-down collapse-indicator float-right"></span>
                </a></h3>
            
            <div class="collapse" id="user_message_content_maharamessage_53221">
                
                    <p class="content-text">Vous êtes maintenant membre de UPEC.</p>
                    
                    
                
            </div>
        </div>
        
    </div>
    
    


        
    </div>
</div>
</div><div id="user_block_131871"><div class="bt-inbox gridstackblock card card-secondary clearfix" id="user_blockinstance_131871">
    
    
    
        <h2 class="title card-header js-heading">
            

            <span class="collapse-inline">
                Sujets que je suis
                
            </span>

            

        </h2>
    

    <div class="block" id="user_blockinstance_131871_target">
        
        
            
    <div class="card-body">
        <p class="lead text-small">Pas de messages</p>
    </div>


        
    </div>
</div>
</div><div id="user_block_131874"><div class="bt-newviews gridstackblock card card-secondary clearfix" id="user_blockinstance_131874">
    
    
    
        <h2 class="title card-header js-heading">
            

            <span class="collapse-inline">
                Portfolios partagés avec moi
                
            </span>

            

        </h2>
    

    <div class="block" id="user_blockinstance_131874_target">
        
        
            
<div class="card-body">
    <p class="lead text-small">Aucunes pages ni collections</p>
</div>


        
    </div>
</div>
</div><div id="user_block_131873"><div class="bt-myviews gridstackblock card card-secondary clearfix" id="user_blockinstance_131873">
    
    
    
        <h2 class="title card-header js-heading">
            

            <span class="collapse-inline">
                Mes portfolios
                
            </span>

            

        </h2>
    

    <div class="block" id="user_blockinstance_131873_target">
        
        
            
    <div class="list-group">
        <div id="user_myviewlist">
            
    <div class="list-group-item flush">
        <h3 class="title list-group-item-heading text-inline">
            <a href="https://eportfolio.u-pec.fr/view/view.php?id=30793">Découverte de Mahara</a>
        </h3>

        

        
        <div class="list-group-item-text text-small">
            Mes premiers pas sur Mahara - Première séance de la SAE 14
        </div>
        

        
    </div>

    <div class="list-group-item flush">
        <h3 class="title list-group-item-heading text-inline">
            <a href="https://eportfolio.u-pec.fr/view/view.php?id=31155">Ma page de profil</a>
        </h3>

        

        
        <div class="list-group-item-text text-small">
            Sur cette page de profil, je vais pouvoir me présenter à vous, vous amener à mes expériences que ...
        </div>
        

        
    </div>


        </div>
    
        <div id="user_myviews_page_container" class="d-none"><div id="user_myviews_pagination" class="pagination-wrapper center"><div class="lead text-small results float-right">2 résultats</div></div></div>
    
    
    
    
    </div>


        
    </div>
</div>
</div><div id="user_block_133606"><div class="bt-resumefield gridstackblock card card-secondary clearfix" id="user_blockinstance_133606">
    
    
    
        <h2 class="title card-header js-heading">
            

            <span class="collapse-inline">
                Emplacement
                
            </span>

            

        </h2>
    

    <div class="block" id="user_blockinstance_133606_target">
        
        
            
    <div class="card-body flush">
    <table class="table resumepersonalinfo profile-info">
    
        
        <tr>
            <th>Date de naissance</th>
            <td>18 December 2004</td>
        </tr>
        
    
        
        <tr>
            <th>Lieu de naissance</th>
            <td>Créteil</td>
        </tr>
        
    
        
        <tr>
            <th>Citoyenneté</th>
            <td>Française</td>
        </tr>
        
    
        
    
        
        <tr>
            <th>Sexe</th>
            <td>Homme</td>
        </tr>
        
    
        
        <tr>
            <th>Etat civil</th>
            <td>Célibataire</td>
        </tr>
        
    
    </table>
    
</div>



        
    </div>
</div>
</div><div id="user_block_133624"><div class="bt-text gridstackblock card card-secondary clearfix" id="user_blockinstance_133624">
    
    
        <div class="block-header quick-edit d-none">
    <a class="modal_link list-group-heading" href="#" title="Édition rapide">
        <span class="icon icon-pencil-alt" title="Édition rapide"></span>
        Édition rapide
    </a>
</div>

    
    
        <h2 class="title card-header js-heading">
            

            <span class="collapse-inline">
                Emplacement
                
            </span>

            

        </h2>
    

    <div class="block" id="user_blockinstance_133624_target">
        
        
            

<div class="textblock card-body flush">
<p><em>Si vous souhaitez me contactez,  n'hésitez pas à cliquer sur le bouton <strong>"Contactez-moi" </strong>ci- dessous.</em></p>
</div>


        
    </div>
</div>
</div><div id="user_block_133644"><div class="bt-html gridstackblock card card-secondary clearfix" id="user_blockinstance_133644">
    
        <div class="block-header d-none">
    
        <a class="modal_link list-group-heading" href="#" title="Détails">
            <span class="icon icon-search-plus bh-details-only" title="Détails"></span>
            
                Détails
            
        </a>
    
</div>

    
    
    
        <h2 class="title card-header js-heading">
            

            <span class="collapse-inline">
                Emplacement
                
            </span>

            

        </h2>
    

    <div class="block" id="user_blockinstance_133644_target">
        
        
            <div class="card-body">


<button class="button" style="vertical-align:middle;"><span>Page de contact </span></button>


</div>

        
    </div>
</div>
</div></div></div></content>
        <rdf:type rdf:resource="leap2:selection"/>

        <link rel="leap2:has_part" href="portfolio:artefact87541"/>
        <link rel="leap2:has_part" href="portfolio:artefact87542"/>
        <link rel="leap2:has_part" href="portfolio:artefact87739"/>
        <link rel="leap2:has_part" href="portfolio:artefact87545"/>
        <link rel="leap2:has_part" href="portfolio:artefact87835"/>
        <link rel="leap2:has_part" href="portfolio:artefact87711"/>


        <category term="Webpage" scheme="categories:selection_type#"/>





        <mahara:view mahara:newlayout="1" mahara:type="dashboard" mahara:ownerformat="6">
        
            
            <mahara:blockinstance mahara:blocktype="entireresume" mahara:blocktitle="Emplacement" mahara:positionx="0" mahara:positiony="0" mahara:height="132" mahara:width="4">
                
                    
                    <mahara:tags>[null]</mahara:tags>
                    
                
                    
                    <mahara:retractable>[1]</mahara:retractable>
                    
                
                    
                    <mahara:retractedonload>[0]</mahara:retractedonload>
                    
                
                
                
            </mahara:blockinstance>
            
            <mahara:blockinstance mahara:blocktype="inbox" mahara:blocktitle="" mahara:positionx="6" mahara:positiony="0" mahara:height="8" mahara:width="6">
                
                    
                    <mahara:feedback>[true]</mahara:feedback>
                    
                
                    
                    <mahara:groupmessage>[true]</mahara:groupmessage>
                    
                
                    
                    <mahara:institutionmessage>[true]</mahara:institutionmessage>
                    
                
                    
                    <mahara:maharamessage>[true]</mahara:maharamessage>
                    
                
                    
                    <mahara:usermessage>[true]</mahara:usermessage>
                    
                
                    
                    <mahara:viewaccess>[true]</mahara:viewaccess>
                    
                
                    
                    <mahara:watchlist>[true]</mahara:watchlist>
                    
                
                    
                    <mahara:maxitems>[&quot;5&quot;]</mahara:maxitems>
                    
                
                    
                    <mahara:wallpost>[true]</mahara:wallpost>
                    
                
                
                
            </mahara:blockinstance>
            
            <mahara:blockinstance mahara:blocktype="inbox" mahara:blocktitle="" mahara:positionx="6" mahara:positiony="8" mahara:height="9" mahara:width="6">
                
                    
                    <mahara:newpost>[true]</mahara:newpost>
                    
                
                    
                    <mahara:maxitems>[&quot;5&quot;]</mahara:maxitems>
                    
                
                
                
            </mahara:blockinstance>
            
            <mahara:blockinstance mahara:blocktype="newviews" mahara:blocktitle="" mahara:positionx="6" mahara:positiony="17" mahara:height="9" mahara:width="6">
                
                    
                    <mahara:limit>[5]</mahara:limit>
                    
                
                    
                    <mahara:user>[1]</mahara:user>
                    
                
                    
                    <mahara:friend>[1]</mahara:friend>
                    
                
                    
                    <mahara:group>[1]</mahara:group>
                    
                
                
                
            </mahara:blockinstance>
            
            <mahara:blockinstance mahara:blocktype="myviews" mahara:blocktitle="" mahara:positionx="6" mahara:positiony="26" mahara:height="17" mahara:width="6">
                
                
                
            </mahara:blockinstance>
            
            <mahara:blockinstance mahara:blocktype="resumefield" mahara:blocktitle="Emplacement" mahara:positionx="7" mahara:positiony="43" mahara:height="20" mahara:width="4">
                
                    
                    <mahara:artefacttype>[&quot;personalinformation&quot;]</mahara:artefacttype>
                    
                
                
                
            </mahara:blockinstance>
            
            <mahara:blockinstance mahara:blocktype="text" mahara:blocktitle="Emplacement" mahara:positionx="0" mahara:positiony="132" mahara:height="10" mahara:width="4">
                
                    
                    <mahara:text>[&quot;&lt;p&gt;&lt;em&gt;Si vous souhaitez me contactez,&amp;nbsp; n&#039;h&amp;eacute;sitez pas &amp;agrave; cliquer sur le bouton &lt;strong&gt;\&quot;Contactez-moi\&quot; &lt;\/strong&gt;ci- dessous.&lt;\/em&gt;&lt;\/p&gt;&quot;]</mahara:text>
                    
                
                    
                    <mahara:instructions></mahara:instructions>
                    
                
                
                
            </mahara:blockinstance>
            
            <mahara:blockinstance mahara:blocktype="html" mahara:blocktitle="Emplacement" mahara:positionx="0" mahara:positiony="142" mahara:height="9" mahara:width="6">
                
                    
                    <mahara:artefactid>[&quot;portfolio:artefact87711&quot;]</mahara:artefactid>
                    
                
                    
                    <mahara:retractable>[1]</mahara:retractable>
                    
                
                    
                    <mahara:retractedonload>[0]</mahara:retractedonload>
                    
                
                
                
            </mahara:blockinstance>
            
        
        </mahara:view>
    </entry>

    <entry>
        <title>Découverte de Mahara</title>
        <id>portfolio:view30793</id>

        <updated>2022-09-20T17:05:31+02:00</updated>
        <published>2022-09-20T16:04:39+02:00</published>

        <summary type="xhtml"><div xmlns="http://www.w3.org/1999/xhtml"><div>Mes premiers pas sur Mahara - Première séance de la SAE 14</div></div></summary>

   <subtitle type="xhtml"><div xmlns="http://www.w3.org/1999/xhtml"><div></div></div></subtitle>
        <content type="xhtml"><div xmlns="http://www.w3.org/1999/xhtml"><div><div id="user_block_132150"><div class="bt-text gridstackblock card card-secondary clearfix" id="user_blockinstance_132150">
    
    
        <div class="block-header quick-edit d-none">
    <a class="modal_link list-group-heading" href="#" title="Édition rapide">
        <span class="icon icon-pencil-alt" title="Édition rapide"></span>
        Édition rapide
    </a>
</div>

    
    
        <h2 class="title card-header js-heading">
            

            <span class="collapse-inline">
                Page dédiée à ma passion automobile
                
            </span>

            

        </h2>
    

    <div class="block" id="user_blockinstance_132150_target">
        
        
            

<div class="textblock card-body flush">
<p>Sur cette nouvelle page, je vais vous faire part de ma passion pour l'automobile que j'ai pu avoir dès l'âge de 6 ans.<br />En voici, une vidéo juste en dessous qui illustre le type de voiture qui est le plus solide que l'industrie automobile.</p>
</div>


        
    </div>
</div>
</div><div id="user_block_132178"><div class="bt-externalvideo gridstackblock card card-secondary card-brand clearfix" id="user_blockinstance_132178">
    
    
    
        <h2 class="title card-header js-heading">
            

            <span class="collapse-inline">
                Emplacement
                
            </span>

            

        </h2>
    

    <div class="block" id="user_blockinstance_132178_target">
        
        
            <div class="mediaplayer-container text-center card-body">
  <div id="user_vid_132178" class="mediaplayer" style="margin:0 auto;">
    <iframe class="externalvideoiframe" width="560" height="349" src="https://www.youtube.com/embed/L528OdUjHkw?start=" allowfullscreen="1"></iframe>
    
  </div>
</div>

        
    </div>
</div>
</div><div id="user_block_132014"><div class="bt-text gridstackblock card card-secondary clearfix" id="user_blockinstance_132014">
    
    
        <div class="block-header quick-edit d-none">
    <a class="modal_link list-group-heading" href="#" title="Édition rapide">
        <span class="icon icon-pencil-alt" title="Édition rapide"></span>
        Édition rapide
    </a>
</div>

    
    
        <h2 class="title card-header js-heading">
            

            <span class="collapse-inline">
                Présentation
                
            </span>

            

        </h2>
    

    <div class="block" id="user_blockinstance_132014_target">
        
        
            

<div class="textblock card-body flush">
<p>Ceci est mon premier bloc de la page <strong>"Découverte de la page de Mahara ..."</strong></p>
<p> </p>
<p><strong>1. Item</strong></p>
<p><strong>2. </strong></p>
</div>


        
    </div>
</div>
</div></div></div></content>
        <rdf:type rdf:resource="leap2:selection"/>



        <category term="Webpage" scheme="categories:selection_type#"/>





        <mahara:view mahara:newlayout="1" mahara:type="portfolio" mahara:ownerformat="6">
        
            
            <mahara:blockinstance mahara:blocktype="text" mahara:blocktitle="Page dédiée à ma passion automobile" mahara:positionx="0" mahara:positiony="0" mahara:height="17" mahara:width="8">
                
                    
                    <mahara:text>[&quot;&lt;p&gt;Sur cette nouvelle page, je vais vous faire part de ma passion pour l&#039;automobile que j&#039;ai pu avoir d&amp;egrave;s l&#039;&amp;acirc;ge de 6 ans.&lt;br \/&gt;En voici, une vid&amp;eacute;o juste en dessous qui illustre le type de voiture qui est le plus solide que l&#039;industrie automobile.&lt;\/p&gt;&quot;]</mahara:text>
                    
                
                    
                    <mahara:instructions></mahara:instructions>
                    
                
                
                
            </mahara:blockinstance>
            
            <mahara:blockinstance mahara:blocktype="externalvideo" mahara:blocktitle="Emplacement" mahara:positionx="0" mahara:positiony="17" mahara:height="31" mahara:width="4">
                
                    
                    <mahara:videoid>[&quot;&lt;iframe class=\&quot;externalvideoiframe\&quot; width=\&quot;560\&quot; height=\&quot;349\&quot; src=\&quot;https:\/\/www.youtube.com\/embed\/L528OdUjHkw?start=\&quot; allowfullscreen=\&quot;1\&quot;&gt;&lt;\/iframe&gt;&quot;]</mahara:videoid>
                    
                
                    
                    <mahara:width>[560]</mahara:width>
                    
                
                    
                    <mahara:height>[349]</mahara:height>
                    
                
                    
                    <mahara:tags>[null]</mahara:tags>
                    
                
                    
                    <mahara:retractable>[0]</mahara:retractable>
                    
                
                    
                    <mahara:retractedonload>[0]</mahara:retractedonload>
                    
                
                    
                    <mahara:html>[&quot;&lt;iframe class=\&quot;externalvideoiframe\&quot; width=\&quot;560\&quot; height=\&quot;349\&quot; src=\&quot;https:\/\/www.youtube.com\/embed\/L528OdUjHkw?start=\&quot; allowfullscreen=\&quot;1\&quot;&gt;&lt;\/iframe&gt;&quot;]</mahara:html>
                    
                
                
                
            </mahara:blockinstance>
            
            <mahara:blockinstance mahara:blocktype="text" mahara:blocktitle="Présentation" mahara:positionx="0" mahara:positiony="48" mahara:height="5" mahara:width="4">
                
                    
                    <mahara:text>[&quot;&lt;p&gt;Ceci est mon premier bloc de la page &lt;strong&gt;\&quot;D&amp;eacute;couverte de la page de Mahara ...\&quot;&lt;\/strong&gt;&lt;\/p&gt;\r\n&lt;p&gt;&amp;nbsp;&lt;\/p&gt;\r\n&lt;p&gt;&lt;strong&gt;1. Item&lt;\/strong&gt;&lt;\/p&gt;\r\n&lt;p&gt;&lt;strong&gt;2. &lt;\/strong&gt;&lt;\/p&gt;&quot;]</mahara:text>
                    
                
                    
                    <mahara:instructions></mahara:instructions>
                    
                
                
                
            </mahara:blockinstance>
            
        
        </mahara:view>
    </entry>

    <entry>
        <title>Ma page de profil</title>
        <id>portfolio:view31155</id>

        <updated>2022-10-06T15:03:29+02:00</updated>
        <published>2022-09-27T11:11:59+02:00</published>

        <summary type="xhtml"><div xmlns="http://www.w3.org/1999/xhtml"><div>Sur cette page de profil, je vais pouvoir me présenter à vous, vous amener à mes expériences que j'ai vécu, à pouvoir en savoir plus sur moi et mon parcours.</div></div></summary>

   <subtitle type="xhtml"><div xmlns="http://www.w3.org/1999/xhtml"><div></div></div></subtitle>
        <content type="xhtml"><div xmlns="http://www.w3.org/1999/xhtml"><div><div id="user_block_135015"><div class="bt-image gridstackblock card card-secondary clearfix" id="user_blockinstance_135015">
    
        <div class="block-header d-none">
    
        <a class="commentlink" href="#" title="">
        
            
                <span class="icon icon-plus" title="Commentaires et les détails"></span>
                Ajouter un commentaire
                <span class="bh-margin-left icon icon-search-plus"></span>
                Détails
            
        
        </a>
    
</div>

    
    
    
        <h2 class="title card-header js-heading">
            

            <span class="collapse-inline">
                Page de bienvenue - Mounir
                
            </span>

            

        </h2>
    

    <div class="block" id="user_blockinstance_135015_target">
        
        
            <div class="imageblock card-body">
    <div class="image">
        
        <a class="modal_link" href="#">
            <img rel="leap2:has_part" href="portfolio:artefact88876" alt="N'hésitez pas à parcourir la page pour en apprendre plus sur moi(2).gif" title="N'hésitez pas à parcourir la page pour en apprendre plus sur moi(2).gif" />
        </a>
        
    </div>

    
</div>

        
    </div>
</div>
</div><div id="user_block_135022"><div class="bt-profileinfo gridstackblock card card-secondary card-regular clearfix" id="user_blockinstance_135022">
    
    
    
        <h2 class="title card-header js-heading">
            

            <span class="collapse-inline">
                Informations personnelles
                
            </span>

            

        </h2>
    

    <div class="block" id="user_blockinstance_135022_target">
        
        
            
    
    <div class="card-body flush">
    
    
    
        <p>Voici mes quelques informations personnelles qui vous permettront de rentrer en contact avec moi. Retr</p>
    
    
        <ul class="unstyled profile-info">
        
            <li><strong>Prénom:</strong> Mounir</li>
        
            <li><strong>Nom:</strong> BENTEFRIT</li>
        
            <li><strong>Adresse de courriel:</strong> <a href="mailto:mounir.bentefrit@etu.u-pec.fr">mounir.bentefrit@etu.u-pec.fr</a></li>
        
        </ul>
    
    
    
    
    </div>
    


        
    </div>
</div>
</div><div id="user_block_134994"><div class="bt-resumefield gridstackblock card card-secondary clearfix" id="user_blockinstance_134994">
    
    
    
        <h2 class="title card-header js-heading">
            

            <span class="collapse-inline">
                Emplacement
                
            </span>

            

        </h2>
    

    <div class="block" id="user_blockinstance_134994_target">
        
        
            
    <div class="card-body flush">
<p><span style="text-decoration:underline;"><strong>Compétences :</strong></span></p>
<ul>
<li style="list-style-type:none;">
<ul>
<li><strong>Informatique 💻 :</strong> L'une des compétences auquel j'ai une bonne maîtrise est l'informatique, auquel j'ai une réel passion pour ce domaine qui évolue constamment chaque jour. Étant curieux et passionné par ce domaine, j'ai pu apprendre à coder une page HTML et une page CSS en regardant plusieurs tutoriels. Je peux installer un système d'exploitation sur un ordinateur n'en possédant aucun, détecter d'éventuels pannes auxquels un ordinateur peut encontrer et bien d'autres choses. J'ai une base solide en informatique qui me permet de découvrir encore de nouvelles choses dans ce domaine qui évolue constamment chaque jour.</li>
<li>
<p><strong>Capacité à gérer un petit groupe de personne : </strong><span style="font-family:verdana, geneva;">La 2ème compétence à laquelle je souhaite mettre en avant, c'est la capacité à pouvoir gérer une équipe. En ayant cette capacité, je peux répartir des tâches à l'ensemble de l'équipe en expliquant de manière claire à chacun des membres de cette équipe comment doivent-ils s'organiser afin que nous soyons organisé et efficace sur notre tâche ou notre mission à réaliser. A mon niveau d'étudiant, lors de séances de TP notamment et que nous devons réaliser un défi, c'est à dire demande alors une implication de l'ensemble du groupe, je peux répartir les différentes tâches entre les différents membres de l'équipe.</span></p>
</li>
</ul>
</li>
</ul>


</div>



        
    </div>
</div>
</div></div></div></content>
        <rdf:type rdf:resource="leap2:selection"/>

        <link rel="leap2:has_part" href="portfolio:artefact86302"/>
        <link rel="leap2:has_part" href="portfolio:artefact86303"/>
        <link rel="leap2:has_part" href="portfolio:artefact88876"/>
        <link rel="leap2:has_part" href="portfolio:artefact87545"/>


        <category term="Webpage" scheme="categories:selection_type#"/>
        <category term="Page-de-profil" label="Page de profil"/>





        <mahara:view mahara:newlayout="1" mahara:type="portfolio" mahara:ownerformat="6">
        
            
            <mahara:blockinstance mahara:blocktype="image" mahara:blocktitle="Page de bienvenue - Mounir" mahara:positionx="0" mahara:positiony="0" mahara:height="66" mahara:width="12">
                
                    
                    <mahara:artefactid>[&quot;portfolio:artefact88876&quot;]</mahara:artefactid>
                    
                
                    
                    <mahara:showdescription>[false]</mahara:showdescription>
                    
                
                    
                    <mahara:width>[&quot;&quot;]</mahara:width>
                    
                
                    
                    <mahara:retractable>[0]</mahara:retractable>
                    
                
                    
                    <mahara:retractedonload>[0]</mahara:retractedonload>
                    
                
                
                
            </mahara:blockinstance>
            
            <mahara:blockinstance mahara:blocktype="profileinfo" mahara:blocktitle="Informations personnelles" mahara:positionx="0" mahara:positiony="66" mahara:height="17" mahara:width="4">
                
                    
                    <mahara:fields>[[&quot;firstname&quot;,&quot;lastname&quot;]]</mahara:fields>
                    
                
                    
                    <mahara:email>[&quot;mounir.bentefrit@etu.u-pec.fr&quot;]</mahara:email>
                    
                
                    
                    <mahara:introtext>[&quot;&lt;p&gt;Voici mes quelques informations personnelles qui vous permettront de rentrer en contact avec moi. Retr&lt;\/p&gt;&quot;]</mahara:introtext>
                    
                
                
                
            </mahara:blockinstance>
            
            <mahara:blockinstance mahara:blocktype="resumefield" mahara:blocktitle="Emplacement" mahara:positionx="0" mahara:positiony="90" mahara:height="61" mahara:width="4">
                
                    
                    <mahara:artefacttype>[&quot;personalskill&quot;]</mahara:artefacttype>
                    
                
                
                
            </mahara:blockinstance>
            
        
        </mahara:view>
    </entry>

    <entry>
        <title>Journal de Mounir Bentefrit</title>
        <id>portfolio:artefact86312</id>

        <updated>2022-09-20T16:04:30+02:00</updated>
        <published>2022-09-20T16:04:30+02:00</published>




        <content type="xhtml"><div xmlns="http://www.w3.org/1999/xhtml"><div></div></div></content>
        <rdf:type rdf:resource="leap2:selection"/>
        <mahara:artefactplugin mahara:type="blog" mahara:plugin="blog"/>


        <category term="Blog" scheme="categories:selection_type#"/>




    </entry>


    <entry>
        <title>Images de couverture</title>
        <id>portfolio:artefact86387</id>

        <updated>2022-09-20T16:04:39+02:00</updated>
        <published>2022-09-20T16:04:39+02:00</published>




        <content></content>
        <rdf:type rdf:resource="leap2:selection"/>
        <mahara:artefactplugin mahara:type="folder" mahara:plugin="file"/>


        <category term="Folder" scheme="categories:selection_type#"/>




    </entry>


    <entry>
        <title>Historique de formation</title>
        <id>portfolio:artefact87542</id>

        <updated>2022-09-26T15:03:49+02:00</updated>
        <published>2022-09-26T15:03:49+02:00</published>




        <content></content>
        <rdf:type rdf:resource="leap2:selection"/>
        <mahara:artefactplugin mahara:type="educationhistory" mahara:plugin="resume"/>
        <link rel="leap2:has_part" href="portfolio:resumecomposite-87542-child-942" leap2:display_order="1"/>


        <category term="Grouping" scheme="categories:selection_type#"/>




    </entry>


    <entry>
        <title>Baccalauréat</title>
        <id>portfolio:resumecomposite-87542-child-942</id>

        <updated>2022-09-26T15:03:49+02:00</updated>





        <content></content>
        <rdf:type rdf:resource="leap2:activity"/>
        <mahara:artefactplugin mahara:type="pseudo:educationhistory" mahara:plugin="resume"/>
        <link rel="leap2:is_part_of" href="portfolio:artefact87542" leap2:display_order="1"/>
        <link rel="leap2:supported_by" href="portfolio:resumesibling-87542-sibling-942-rel-supports"/>
        <link rel="leap2:supports" href="portfolio:resumesibling-87542-sibling-942-rel-supported_by"/>


        <category term="Education" scheme="categories:life_area#"/>






        <leap2:date leap2:point="start" leap2:label="Juillet 2022"></leap2:date>


    </entry>

    <entry>
        <title>LYCEE JOHANNES GUTENBERG</title>
        <id>portfolio:resumesibling-87542-sibling-942-rel-supports</id>

        <updated>2022-09-26T15:03:49+02:00</updated>





        <content></content>
        <rdf:type rdf:resource="leap2:organization"/>
        <mahara:artefactplugin mahara:type="pseudo:educationhistory" mahara:plugin="resume"/>
        <link rel="leap2:supports" href="portfolio:resumecomposite-87542-child-942"/>










    </entry>

    <entry>
        <title>Diplôme</title>
        <id>portfolio:resumesibling-87542-sibling-942-rel-supported_by</id>

        <updated>2022-09-26T15:03:49+02:00</updated>





        <content>Baccalauréat</content>
        <rdf:type rdf:resource="leap2:achievement"/>
        <mahara:artefactplugin mahara:type="pseudo:educationhistory" mahara:plugin="resume"/>
        <link rel="leap2:supported_by" href="portfolio:resumecomposite-87542-child-942"/>










    </entry>

    <entry>
        <title>Compétences personnelles</title>
        <id>portfolio:artefact87545</id>

        <updated>2022-09-27T11:11:32+02:00</updated>
        <published>2022-09-26T15:03:16+02:00</published>




        <content type="xhtml"><div xmlns="http://www.w3.org/1999/xhtml"><div><p><span style="text-decoration:underline;"><strong>Compétences :</strong></span></p>
<ul>
<li style="list-style-type:none;">
<ul>
<li><strong>Informatique 💻 :</strong> L'une des compétences auquel j'ai une bonne maîtrise est l'informatique, auquel j'ai une réel passion pour ce domaine qui évolue constamment chaque jour. Étant curieux et passionné par ce domaine, j'ai pu apprendre à coder une page HTML et une page CSS en regardant plusieurs tutoriels. Je peux installer un système d'exploitation sur un ordinateur n'en possédant aucun, détecter d'éventuels pannes auxquels un ordinateur peut encontrer et bien d'autres choses. J'ai une base solide en informatique qui me permet de découvrir encore de nouvelles choses dans ce domaine qui évolue constamment chaque jour.</li>
<li>
<p><strong>Capacité à gérer un petit groupe de personne : </strong><span style="font-family:verdana, geneva;">La 2ème compétence à laquelle je souhaite mettre en avant, c'est la capacité à pouvoir gérer une équipe. En ayant cette capacité, je peux répartir des tâches à l'ensemble de l'équipe en expliquant de manière claire à chacun des membres de cette équipe comment doivent-ils s'organiser afin que nous soyons organisé et efficace sur notre tâche ou notre mission à réaliser. A mon niveau d'étudiant, lors de séances de TP notamment et que nous devons réaliser un défi, c'est à dire demande alors une implication de l'ensemble du groupe, je peux répartir les différentes tâches entre les différents membres de l'équipe.</span></p>
</li>
</ul>
</li>
</ul></div></div></content>
        <rdf:type rdf:resource="leap2:ability"/>
        <mahara:artefactplugin mahara:type="personalskill" mahara:plugin="resume"/>
        <link rel="leap2:is_part_of" href="portfolio:view30766"/>
        <link rel="leap2:is_part_of" href="portfolio:view31155"/>






    </entry>


    <entry>
        <title>new 1.html</title>
        <id>portfolio:artefact87667</id>

        <updated>2022-09-27T10:10:14+02:00</updated>
        <published>2022-09-27T10:10:14+02:00</published>




        <content type="xhtml"><div xmlns="http://www.w3.org/1999/xhtml"><div></div></div></content>
        <rdf:type rdf:resource="leap2:resource"/>
        <mahara:artefactplugin mahara:type="file" mahara:plugin="file"/>
        <link rel="enclosure" type="text/html" href="export_info/files/87667-new 1.html"/>


        <category term="Offline" scheme="categories:resource_type#" label="File"/>




    </entry>


    <entry>
        <title>new 1.html.1</title>
        <id>portfolio:artefact87710</id>

        <updated>2022-09-27T10:10:36+02:00</updated>
        <published>2022-09-27T10:10:36+02:00</published>




        <content type="xhtml"><div xmlns="http://www.w3.org/1999/xhtml"><div></div></div></content>
        <rdf:type rdf:resource="leap2:resource"/>
        <mahara:artefactplugin mahara:type="file" mahara:plugin="file"/>
        <link rel="enclosure" type="text/html" href="export_info/files/87710-new 1.html.1"/>


        <category term="Offline" scheme="categories:resource_type#" label="File"/>




    </entry>


    <entry>
        <title>htmlportfolio.html</title>
        <id>portfolio:artefact87711</id>

        <updated>2022-09-27T10:10:47+02:00</updated>
        <published>2022-09-27T10:10:47+02:00</published>




        <content type="xhtml"><div xmlns="http://www.w3.org/1999/xhtml"><div></div></div></content>
        <rdf:type rdf:resource="leap2:resource"/>
        <mahara:artefactplugin mahara:type="file" mahara:plugin="file"/>
        <link rel="enclosure" type="text/html" href="export_info/files/87711-htmlportfolio.html"/>
        <link rel="leap2:is_part_of" href="portfolio:view30766"/>


        <category term="Offline" scheme="categories:resource_type#" label="File"/>




    </entry>


    <entry>
        <title>Objectifs de carrière</title>
        <id>portfolio:artefact87739</id>

        <updated>2022-09-27T11:11:28+02:00</updated>
        <published>2022-09-27T10:10:19+02:00</published>




        <content type="xhtml"><div xmlns="http://www.w3.org/1999/xhtml"><div><p><strong>Objectifs de carrière :</strong></p>
<ul>
<li><strong>Poursuite d'études : Etant actuellement étudiant à l'IUT de Vitry dans le domaine du BUT - Réseaux et Télécommunications, je compte pouvoir après cette première année passée </strong></li>
</ul></div></div></content>
        <rdf:type rdf:resource="leap2:entry"/>
        <mahara:artefactplugin mahara:type="careergoal" mahara:plugin="resume"/>
        <link rel="leap2:is_part_of" href="portfolio:view30766"/>






    </entry>


    <entry>
        <title>En-travaux.jpg</title>
        <id>portfolio:artefact87825</id>

        <updated>2022-09-27T11:11:45+02:00</updated>
        <published>2022-09-27T11:11:45+02:00</published>




        <content type="xhtml"><div xmlns="http://www.w3.org/1999/xhtml"><div></div></div></content>
        <rdf:type rdf:resource="leap2:resource"/>
        <mahara:artefactplugin mahara:type="image" mahara:plugin="file"/>
        <link rel="enclosure" type="image/jpeg" href="export_info/files/87825-En-travaux.jpg"/>
        <link rel="leap2:is_part_of" href="portfolio:view30764"/>


        <category term="Offline" scheme="categories:resource_type#" label="File"/>




    </entry>


    <entry>
        <title>Centres d&#039;intérêt</title>
        <id>portfolio:artefact87835</id>

        <updated>2022-09-27T11:11:03+02:00</updated>
        <published>2022-09-27T11:11:03+02:00</published>




        <content type="xhtml"><div xmlns="http://www.w3.org/1999/xhtml"><div><p>Mes principaux centres d'intêrets sont :</p>
<p> </p></div></div></content>
        <rdf:type rdf:resource="leap2:entry"/>
        <mahara:artefactplugin mahara:type="interest" mahara:plugin="resume"/>
        <link rel="leap2:is_part_of" href="portfolio:view30766"/>






    </entry>


    <entry>
        <title>N&#039;hésitez pas à parcourir la page pour en apprendre plus sur moi.gif</title>
        <id>portfolio:artefact88873</id>

        <updated>2022-10-06T15:03:45+02:00</updated>
        <published>2022-10-06T15:03:45+02:00</published>




        <content type="xhtml"><div xmlns="http://www.w3.org/1999/xhtml"><div></div></div></content>
        <rdf:type rdf:resource="leap2:resource"/>
        <mahara:artefactplugin mahara:type="image" mahara:plugin="file"/>
        <link rel="enclosure" type="image/gif" href="export_info/files/88873-N&#039;hésitez pas à parcourir la page pour en apprendre plus sur moi.gif"/>


        <category term="Offline" scheme="categories:resource_type#" label="File"/>




    </entry>


    <entry>
        <title>N&#039;hésitez pas à parcourir la page pour en apprendre plus sur moi(2).gif</title>
        <id>portfolio:artefact88876</id>

        <updated>2022-10-06T15:03:07+02:00</updated>
        <published>2022-10-06T15:03:07+02:00</published>




        <content type="xhtml"><div xmlns="http://www.w3.org/1999/xhtml"><div></div></div></content>
        <rdf:type rdf:resource="leap2:resource"/>
        <mahara:artefactplugin mahara:type="image" mahara:plugin="file"/>
        <link rel="enclosure" type="image/gif" href="export_info/files/88876-N&#039;hésitez pas à parcourir la page pour en apprendre plus sur moi(2).gif"/>
        <link rel="leap2:is_part_of" href="portfolio:view31155"/>


        <category term="Offline" scheme="categories:resource_type#" label="File"/>




    </entry>


    <entry>
        <title>Mounir Bentefrit</title>
        <id>portfolio:artefactinternal</id>

        <updated>2022-09-20T16:04:29+02:00</updated>





        <content></content>
        <rdf:type rdf:resource="leap2:person"/>
        <mahara:artefactplugin mahara:type="internal" mahara:plugin="internal"/>


        <category term="Self" scheme="categories:person_type#"/>






        <leap2:persondata
            mahara:artefactplugin="internal"
            mahara:artefacttype="email"

            leap2:field="email"

            leap2:label="Adresse de courriel"

        >mounir.bentefrit@etu.u-pec.fr</leap2:persondata>

        <leap2:persondata
            mahara:artefactplugin="internal"
            mahara:artefacttype="firstname"

            leap2:field="legal_given_name"

            leap2:label="Prénom"

        >Mounir</leap2:persondata>

        <leap2:persondata
            mahara:artefactplugin="internal"
            mahara:artefacttype="lastname"

            leap2:field="legal_family_name"

            leap2:label="Nom"

        >BENTEFRIT</leap2:persondata>

        <leap2:persondata
            mahara:artefactplugin="internal"
            mahara:artefacttype="preferredname"

            leap2:field="preferred_given_name"

            leap2:label="Nom préféré"

        >Mounir Bentefrit</leap2:persondata>

        <leap2:persondata
            mahara:artefactplugin="internal"
            mahara:artefacttype="studentid"

            leap2:field="other"

            leap2:label="Identifiant étudiant"

        >u32208100</leap2:persondata>

        <leap2:persondata
            mahara:artefactplugin="resume"
            mahara:artefacttype="personalinformation/dateofbirth"

            leap2:field="dob"

            leap2:label="Date de naissance"

        >2004-12-18T00:12:00+01:00</leap2:persondata>

        <leap2:persondata
            mahara:artefactplugin="resume"
            mahara:artefacttype="personalinformation/placeofbirth"

            leap2:field="other" mahara:field="placeofbirth"

            leap2:label="Lieu de naissance"

        >Créteil</leap2:persondata>

        <leap2:persondata
            mahara:artefactplugin="resume"
            mahara:artefacttype="personalinformation/citizenship"

            leap2:field="other" mahara:field="citizenship"

            leap2:label="Citoyenneté"

        >Française</leap2:persondata>

        <leap2:persondata
            mahara:artefactplugin="resume"
            mahara:artefacttype="personalinformation/gender"

            leap2:field="gender"

            leap2:label="[[gender/artefact.resume]]"

        >1</leap2:persondata>

        <leap2:persondata
            mahara:artefactplugin="resume"
            mahara:artefacttype="personalinformation/maritalstatus"

            leap2:field="other" mahara:field="maritalstatus"

            leap2:label="Etat civil"

        >Célibataire</leap2:persondata>


    </entry>

</feed>
