<?xml version="1.0" encoding="utf-8"?>
<feed xmlns="http://www.w3.org/2005/Atom"
    xmlns:rdf="http://www.w3.org/1999/02/22-rdf-syntax-ns#"
    xmlns:leap2="http://terms.leapspecs.org/"
    xmlns:categories="http://wiki.leapspecs.org/2A/categories/"
    xmlns:portfolio="https://eportfolio.u-pec.fr/export/leap/3578/1665843828/"
    xmlns:mahara="http://wiki.mahara.org/Developer_Area/Import%2F%2FExport/LEAP_Extensions#"
>
    <leap2:version>http://www.leapspecs.org/2010-07/2A/</leap2:version>
    <id>https://eportfolio.u-pec.fr/export/3578/1665843828</id>
    <title>Mahara Leap2A Export for Mounir BENTEFRIT, 15/10/2022 16:23</title>
    <updated>2022-10-15T16:04:48+02:00</updated>
    <generator uri="https://mahara.org/" version="2008122400">Mahara</generator>
    <author>
        <name>Mounir BENTEFRIT</name>
        <email>mounir.bentefrit@etu.u-pec.fr</email>
        <uri>portfolio:artefactinternal</uri>
    </author>

    <entry>
        <title>Profile page</title>
        <id>portfolio:view30764</id>

        <updated>2022-09-27T11:11:46+02:00</updated>
        <published>2022-09-20T16:04:30+02:00</published>

        <summary type="xhtml"><div xmlns="http://www.w3.org/1999/xhtml"><div>Your profile page is what others see when they click on your name or profile picture.</div></div></summary>

   <subtitle type="xhtml"><div xmlns="http://www.w3.org/1999/xhtml"><div></div></div></subtitle>
        <content type="xhtml"><div xmlns="http://www.w3.org/1999/xhtml"><div><div id="user_block_133710"><div class="bt-image gridstackblock card card-secondary clearfix" id="user_blockinstance_133710">
    
        <div class="block-header d-none">
    
        <a class="commentlink" href="#" title="">
        
            
                <span class="icon icon-plus" title="Commentaires et les détails"></span>
                Ajouter un commentaire
                <span class="bh-margin-left icon icon-search-plus"></span>
                Détails
            
        
        </a>
    
</div>

    
    
    
        <h2 class="title card-header js-heading">
            

            <span class="collapse-inline">
                Site en cours d'élaboration ... 
                
            </span>

            

        </h2>
    

    <div class="block" id="user_blockinstance_133710_target">
        
        
            <div class="imageblock card-body">
    <div class="image">
        
        <a class="modal_link" href="#">
            <img rel="leap2:has_part" href="portfolio:artefact87825" alt="En-travaux.jpg" title="En-travaux.jpg" />
        </a>
        
    </div>

    
</div>

        
    </div>
</div>
</div></div></div></content>
        <rdf:type rdf:resource="leap2:selection"/>

        <link rel="leap2:has_part" href="portfolio:artefact87825"/>


        <category term="Webpage" scheme="categories:selection_type#"/>





        <mahara:view mahara:newlayout="1" mahara:type="profile" mahara:ownerformat="6">
        
            
            <mahara:blockinstance mahara:blocktype="image" mahara:blocktitle="Site en cours d&#039;élaboration ... " mahara:positionx="2" mahara:positiony="0" mahara:height="53" mahara:width="9">
                
                    
                    <mahara:artefactid>[&quot;portfolio:artefact87825&quot;]</mahara:artefactid>
                    
                
                    
                    <mahara:showdescription>[false]</mahara:showdescription>
                    
                
                    
                    <mahara:width>[&quot;1170&quot;]</mahara:width>
                    
                
                    
                    <mahara:retractable>[0]</mahara:retractable>
                    
                
                    
                    <mahara:retractedonload>[0]</mahara:retractedonload>
                    
                
                
                
            </mahara:blockinstance>
            
        
        </mahara:view>
    </entry>

    <entry>
        <title>Dashboard page</title>
        <id>portfolio:view30766</id>

        <updated>2022-10-15T16:04:38+02:00</updated>
        <published>2022-09-20T16:04:30+02:00</published>

        <summary type="xhtml"><div xmlns="http://www.w3.org/1999/xhtml"><div></div></div></summary>

   <subtitle type="xhtml"><div xmlns="http://www.w3.org/1999/xhtml"><div></div></div></subtitle>
        <content type="xhtml"><div xmlns="http://www.w3.org/1999/xhtml"><div><div id="user_block_133717"><div class="bt-entireresume gridstackblock card card-secondary clearfix" id="user_blockinstance_133717">
    
    
    
        <h2 class="title card-header js-heading">
            

            <span class="collapse-inline">
                Emplacement
                
            </span>

            

        </h2>
    

    <div class="block" id="user_blockinstance_133717_target">
        
        
            
<div class="list-group">
    

    
    <div class="list-group-item flush">
        <h3 class="title">Centres d'intérêt</h3>
        
    <div class="card-body flush">
        <p><strong>Mes principaux centres d'intérêt sont :</strong></p>
<ul>
<li><strong>Le sport :</strong> Le football, le basket, le cyclisme et les courses automobiles</li>
<li><strong>L'informatique :</strong> Je possède une affinité avec le codage : coder des pages web encore des jeux grâce à Python, pouvoir étudier le fonctionnement d'un ordinateur et je possède une réelle passion pour le high-tech.</li>
<li> </li>
</ul>
    </div>


    </div>
    

    

    
    <div class="list-group-item flush">
        <h3 class="title">Informations personnelles</h3>
        <div class="card-body flush">
    <table class="table resumepersonalinfo profile-info">
    
        
        <tr>
            <th>Date de naissance</th>
            <td>18 December 2004</td>
        </tr>
        
    
        
        <tr>
            <th>Lieu de naissance</th>
            <td>Créteil</td>
        </tr>
        
    
        
        <tr>
            <th>Citoyenneté</th>
            <td>Française</td>
        </tr>
        
    
        
    
        
        <tr>
            <th>Sexe</th>
            <td>Homme</td>
        </tr>
        
    
        
        <tr>
            <th>Etat civil</th>
            <td>Célibataire</td>
        </tr>
        
    
    </table>
    
</div>

    </div>
    

    
        <div class="list-group-item flush">
            

            

            
            <div class="resume-content">
                <h3 class="title">Objectifs de carrière</h3>
                <div class="card-body flush">
<p><strong>Objectifs de carrière :</strong></p>
<ul>
<li><strong>Poursuite d'études : Etant actuellement étudiant à l'IUT de Vitry dans le domaine du BUT - Réseaux et Télécommunications, je compte pouvoir après cette première année , effectuer une deuxième année dans cet IUT en trouvant un stage en alternance qui me permettra d'une part de me familiariser avec le métier que je souhaite et de l'autre de pouvoir acquérir des compétences professionnelles qui me seront utiles pour pouvoir exercer un métier.</strong></li>
</ul>


</div>

            </div>
            

        </div>
    

    
        <div class="list-group-item flush">
            
            <div class="resume-content">
                <h3 class="title">Compétences personnelles</h3>
                <div class="card-body flush">
<p><span style="text-decoration:underline;"><strong>Compétences :</strong></span></p>
<ul>
<li style="list-style-type:none;">
<ul>
<li><strong>Informatique 💻 :</strong> L'une des compétences auquel j'ai une bonne maîtrise est l'informatique, auquel j'ai une réel passion pour ce domaine qui évolue constamment chaque jour. Étant curieux et passionné par ce domaine, j'ai pu apprendre à coder une page HTML et une page CSS en regardant plusieurs tutoriels. Je peux installer un système d'exploitation sur un ordinateur n'en possédant aucun, détecter d'éventuels pannes auxquels un ordinateur peut encontrer et bien d'autres choses. J'ai une base solide en informatique qui me permet de découvrir encore de nouvelles choses dans ce domaine qui évolue constamment chaque jour.</li>
<li>
<p><strong>Capacité à gérer un petit groupe de personne : </strong><span style="font-family:verdana, geneva;">La 2ème compétence à laquelle je souhaite mettre en avant, c'est la capacité à pouvoir gérer une équipe. En ayant cette capacité, je peux répartir des tâches à l'ensemble de l'équipe en expliquant de manière claire à chacun des membres de cette équipe comment doivent-ils s'organiser afin que nous soyons organisé et efficace sur notre tâche ou notre mission à réaliser. A mon niveau d'étudiant, lors de séances de TP notamment et que nous devons réaliser un défi, c'est à dire demande alors une implication de l'ensemble du groupe, je peux répartir les différentes tâches entre les différents membres de l'équipe.</span></p>
</li>
</ul>
</li>
</ul>


</div>

            </div>
            

            

            
        </div>
    

    
        <div class="list-group-item flush">
            

            
            <div class="resume-content">
                <h3 class="title">Historique de formation</h3>
                

<div id="user_educationhistorylist_7f4c" class="list-group list-group-lite list-group-top-border">
    
    <div class="list-group-item flush-collapsible">
        
            <h3 class="list-group-item-heading">
                <a href="#education-content-942" class="text-left collapsed collapsible">
                    Baccalauréat (Diplôme) à LYCEE JOHANNES GUTENBERG
                    <span class="icon icon-chevron-down float-right collapse-indicator"></span>
                </a>
            </h3>
        

        <span class="text-small text-muted">
            Septembre 2019
             - Juillet 2022
        </span>

        <div id="user_education-content-942" class="collapse resume-content">
            

            
                <span class="text-small text-muted">
                    Adresse : 16 - 18 Rue de Saussure, 94000 Créteil
                </span>
            

            
        </div>
    </div>
    
    <div class="list-group-item flush-collapsible">
        
            <h3 class="list-group-item-heading">
                <a href="#education-content-1010" class="text-left collapsed collapsible">
                    BUT - Réseaux et Télécommunications à Université Paris-Est Créteil (Site de Vitry)
                    <span class="icon icon-chevron-down float-right collapse-indicator"></span>
                </a>
            </h3>
        

        <span class="text-small text-muted">
            1er septembre 2022
             - Juillet 2025
        </span>

        <div id="user_education-content-1010" class="collapse resume-content">
            

            
                <span class="text-small text-muted">
                    Adresse : 122 Rue Paul Armangot
                </span>
            

            
        </div>
    </div>
    
</div>


            </div>
            
        </div>
    


    
    <div class="list-group-item flush">
        <h3 class="title">Certifications, accréditations et prix obtenus</h3>
        <div class="resume-content">


<div id="user_certificationlist_c3a5" class="list-group list-group-lite list-group-top-border">
    
    <div class="list-group-item flush-collapsible">

        
            <h4 class="list-group-item-heading">
                <a href="#certification-content-381" class="text-left collapsed collapsible">
                    Diplôme du Baccaularéat
                    <span class="icon icon-chevron-down float-right collapse-indicator"></span>
                </a>
            </h4>
        
        <span class="text-small text-muted">
            5 juillet 2022
        </span>

        <div id="user_certification-content-381" class="collapse resume-content">
            
            <p class="content-text">
                </p><p>Après 3 ans de formation au Lycée Johannes Gutenberg, j'ai passé les différentes épreuves de baccalauréat (Spécialités, philosophie, grand oral, ...) et le 5 juillet 2022, le jour de l'annonce des résultats du baccalauréat, j'ai pu prendre connaissance de mes résultats et j'ai alors décroché le diplôme du baccalauréat.</p>
            
            

            
        </div>
    </div>
    
</div>
</div>
    </div>
    

    

    
</div>


        
    </div>
</div>
</div><div id="user_block_131872"><div class="bt-inbox gridstackblock card card-secondary clearfix" id="user_blockinstance_131872">
    
    
    
        <h2 class="title card-header js-heading">
            

            <span class="collapse-inline">
                Boîte de réception
                
            </span>

            

        </h2>
    

    <div class="block" id="user_blockinstance_131872_target">
        
        
            
    <div id="user_inboxblock" class="inboxblock list-group">
        
        <div class="collapsible list-group-item flush-collapsible">
            
                <h3 class="title list-group-item-heading"><a class="collapsed link-block" href="#message_content_maharamessage_53221">
                    
                        <span class="icon icon-wrench text-default left"></span>
                    
                    <span class="sr-only">Messages système</span>
                    <span class="subject">Confirmation d'affiliation à une institution</span>
                    <span class="icon icon-chevron-down collapse-indicator float-right"></span>
                </a></h3>
            
            <div class="collapse" id="user_message_content_maharamessage_53221">
                
                    <p class="content-text">Vous êtes maintenant membre de UPEC.</p>
                    
                    
                
            </div>
        </div>
        
    </div>
    
    


        
    </div>
</div>
</div><div id="user_block_131871"><div class="bt-inbox gridstackblock card card-secondary clearfix" id="user_blockinstance_131871">
    
    
    
        <h2 class="title card-header js-heading">
            

            <span class="collapse-inline">
                Sujets que je suis
                
            </span>

            

        </h2>
    

    <div class="block" id="user_blockinstance_131871_target">
        
        
            
    <div class="card-body">
        <p class="lead text-small">Pas de messages</p>
    </div>


        
    </div>
</div>
</div><div id="user_block_131874"><div class="bt-newviews gridstackblock card card-secondary clearfix" id="user_blockinstance_131874">
    
    
    
        <h2 class="title card-header js-heading">
            

            <span class="collapse-inline">
                Portfolios partagés avec moi
                
            </span>

            

        </h2>
    

    <div class="block" id="user_blockinstance_131874_target">
        
        
            
<div class="card-body">
    <p class="lead text-small">Aucunes pages ni collections</p>
</div>


        
    </div>
</div>
</div><div id="user_block_131873"><div class="bt-myviews gridstackblock card card-secondary clearfix" id="user_blockinstance_131873">
    
    
    
        <h2 class="title card-header js-heading">
            

            <span class="collapse-inline">
                Mes portfolios
                
            </span>

            

        </h2>
    

    <div class="block" id="user_blockinstance_131873_target">
        
        
            
    <div class="list-group">
        <div id="user_myviewlist">
            
    <div class="list-group-item flush">
        <h3 class="title list-group-item-heading text-inline">
            <a href="https://eportfolio.u-pec.fr/view/view.php?id=30793">Découverte de Mahara</a>
        </h3>

        

        
        <div class="list-group-item-text text-small">
            Mes premiers pas sur Mahara - Première séance de la SAE 14
        </div>
        

        
    </div>

    <div class="list-group-item flush">
        <h3 class="title list-group-item-heading text-inline">
            <a href="https://eportfolio.u-pec.fr/view/view.php?id=31155">Ma page de profil</a>
        </h3>

        

        
        <div class="list-group-item-text text-small">
            Sur cette page de profil, je vais pouvoir me présenter à vous, vous amener à mes expériences que ...
        </div>
        

        
    </div>


        </div>
    
        <div id="user_myviews_page_container" class="d-none"><div id="user_myviews_pagination" class="pagination-wrapper center"><div class="lead text-small results float-right">2 résultats</div></div></div>
    
    
    
    
    </div>


        
    </div>
</div>
</div><div id="user_block_133606"><div class="bt-resumefield gridstackblock card card-secondary clearfix" id="user_blockinstance_133606">
    
    
    
        <h2 class="title card-header js-heading">
            

            <span class="collapse-inline">
                Emplacement
                
            </span>

            

        </h2>
    

    <div class="block" id="user_blockinstance_133606_target">
        
        
            
    <div class="card-body flush">
    <table class="table resumepersonalinfo profile-info">
    
        
        <tr>
            <th>Date de naissance</th>
            <td>18 December 2004</td>
        </tr>
        
    
        
        <tr>
            <th>Lieu de naissance</th>
            <td>Créteil</td>
        </tr>
        
    
        
        <tr>
            <th>Citoyenneté</th>
            <td>Française</td>
        </tr>
        
    
        
    
        
        <tr>
            <th>Sexe</th>
            <td>Homme</td>
        </tr>
        
    
        
        <tr>
            <th>Etat civil</th>
            <td>Célibataire</td>
        </tr>
        
    
    </table>
    
</div>



        
    </div>
</div>
</div><div id="user_block_133624"><div class="bt-text gridstackblock card card-secondary clearfix" id="user_blockinstance_133624">
    
    
        <div class="block-header quick-edit d-none">
    <a class="modal_link list-group-heading" href="#" title="Édition rapide">
        <span class="icon icon-pencil-alt" title="Édition rapide"></span>
        Édition rapide
    </a>
</div>

    
    
        <h2 class="title card-header js-heading">
            

            <span class="collapse-inline">
                Emplacement
                
            </span>

            

        </h2>
    

    <div class="block" id="user_blockinstance_133624_target">
        
        
            

<div class="textblock card-body flush">
<p><em>Si vous souhaitez me contactez,  n'hésitez pas à cliquer sur le bouton <strong>"Contactez-moi" </strong>ci- dessous.</em></p>
</div>


        
    </div>
</div>
</div><div id="user_block_133644"><div class="bt-html gridstackblock card card-secondary clearfix" id="user_blockinstance_133644">
    
        <div class="block-header d-none">
    
        <a class="modal_link list-group-heading" href="#" title="Détails">
            <span class="icon icon-search-plus bh-details-only" title="Détails"></span>
            
                Détails
            
        </a>
    
</div>

    
    
    
        <h2 class="title card-header js-heading">
            

            <span class="collapse-inline">
                Emplacement
                
            </span>

            

        </h2>
    

    <div class="block" id="user_blockinstance_133644_target">
        
        
            <div class="card-body">


<button class="button" style="vertical-align:middle;"><span>Page de contact </span></button>


</div>

        
    </div>
</div>
</div></div></div></content>
        <rdf:type rdf:resource="leap2:selection"/>

        <link rel="leap2:has_part" href="portfolio:artefact87541"/>
        <link rel="leap2:has_part" href="portfolio:artefact87542"/>
        <link rel="leap2:has_part" href="portfolio:artefact87739"/>
        <link rel="leap2:has_part" href="portfolio:artefact87545"/>
        <link rel="leap2:has_part" href="portfolio:artefact87835"/>
        <link rel="leap2:has_part" href="portfolio:artefact87711"/>
        <link rel="leap2:has_part" href="portfolio:artefact89492"/>


        <category term="Webpage" scheme="categories:selection_type#"/>





        <mahara:view mahara:newlayout="1" mahara:type="dashboard" mahara:ownerformat="6">
        
            
            <mahara:blockinstance mahara:blocktype="entireresume" mahara:blocktitle="Emplacement" mahara:positionx="0" mahara:positiony="0" mahara:height="132" mahara:width="4">
                
                    
                    <mahara:tags>[null]</mahara:tags>
                    
                
                    
                    <mahara:retractable>[1]</mahara:retractable>
                    
                
                    
                    <mahara:retractedonload>[0]</mahara:retractedonload>
                    
                
                
                
            </mahara:blockinstance>
            
            <mahara:blockinstance mahara:blocktype="inbox" mahara:blocktitle="" mahara:positionx="6" mahara:positiony="0" mahara:height="8" mahara:width="6">
                
                    
                    <mahara:feedback>[true]</mahara:feedback>
                    
                
                    
                    <mahara:groupmessage>[true]</mahara:groupmessage>
                    
                
                    
                    <mahara:institutionmessage>[true]</mahara:institutionmessage>
                    
                
                    
                    <mahara:maharamessage>[true]</mahara:maharamessage>
                    
                
                    
                    <mahara:usermessage>[true]</mahara:usermessage>
                    
                
                    
                    <mahara:viewaccess>[true]</mahara:viewaccess>
                    
                
                    
                    <mahara:watchlist>[true]</mahara:watchlist>
                    
                
                    
                    <mahara:maxitems>[&quot;5&quot;]</mahara:maxitems>
                    
                
                    
                    <mahara:wallpost>[true]</mahara:wallpost>
                    
                
                
                
            </mahara:blockinstance>
            
            <mahara:blockinstance mahara:blocktype="inbox" mahara:blocktitle="" mahara:positionx="6" mahara:positiony="8" mahara:height="9" mahara:width="6">
                
                    
                    <mahara:newpost>[true]</mahara:newpost>
                    
                
                    
                    <mahara:maxitems>[&quot;5&quot;]</mahara:maxitems>
                    
                
                
                
            </mahara:blockinstance>
            
            <mahara:blockinstance mahara:blocktype="newviews" mahara:blocktitle="" mahara:positionx="6" mahara:positiony="17" mahara:height="9" mahara:width="6">
                
                    
                    <mahara:limit>[5]</mahara:limit>
                    
                
                    
                    <mahara:user>[1]</mahara:user>
                    
                
                    
                    <mahara:friend>[1]</mahara:friend>
                    
                
                    
                    <mahara:group>[1]</mahara:group>
                    
                
                
                
            </mahara:blockinstance>
            
            <mahara:blockinstance mahara:blocktype="myviews" mahara:blocktitle="" mahara:positionx="6" mahara:positiony="26" mahara:height="17" mahara:width="6">
                
                
                
            </mahara:blockinstance>
            
            <mahara:blockinstance mahara:blocktype="resumefield" mahara:blocktitle="Emplacement" mahara:positionx="7" mahara:positiony="43" mahara:height="20" mahara:width="4">
                
                    
                    <mahara:artefacttype>[&quot;personalinformation&quot;]</mahara:artefacttype>
                    
                
                
                
            </mahara:blockinstance>
            
            <mahara:blockinstance mahara:blocktype="text" mahara:blocktitle="Emplacement" mahara:positionx="0" mahara:positiony="132" mahara:height="10" mahara:width="4">
                
                    
                    <mahara:text>[&quot;&lt;p&gt;&lt;em&gt;Si vous souhaitez me contactez,&amp;nbsp; n&#039;h&amp;eacute;sitez pas &amp;agrave; cliquer sur le bouton &lt;strong&gt;\&quot;Contactez-moi\&quot; &lt;\/strong&gt;ci- dessous.&lt;\/em&gt;&lt;\/p&gt;&quot;]</mahara:text>
                    
                
                    
                    <mahara:instructions></mahara:instructions>
                    
                
                
                
            </mahara:blockinstance>
            
            <mahara:blockinstance mahara:blocktype="html" mahara:blocktitle="Emplacement" mahara:positionx="0" mahara:positiony="142" mahara:height="9" mahara:width="6">
                
                    
                    <mahara:artefactid>[&quot;portfolio:artefact87711&quot;]</mahara:artefactid>
                    
                
                    
                    <mahara:retractable>[1]</mahara:retractable>
                    
                
                    
                    <mahara:retractedonload>[0]</mahara:retractedonload>
                    
                
                
                
            </mahara:blockinstance>
            
        
        </mahara:view>
    </entry>

    <entry>
        <title>Découverte de Mahara</title>
        <id>portfolio:view30793</id>

        <updated>2022-09-20T17:05:31+02:00</updated>
        <published>2022-09-20T16:04:39+02:00</published>

        <summary type="xhtml"><div xmlns="http://www.w3.org/1999/xhtml"><div>Mes premiers pas sur Mahara - Première séance de la SAE 14</div></div></summary>

   <subtitle type="xhtml"><div xmlns="http://www.w3.org/1999/xhtml"><div></div></div></subtitle>
        <content type="xhtml"><div xmlns="http://www.w3.org/1999/xhtml"><div><div id="user_block_132150"><div class="bt-text gridstackblock card card-secondary clearfix" id="user_blockinstance_132150">
    
    
        <div class="block-header quick-edit d-none">
    <a class="modal_link list-group-heading" href="#" title="Édition rapide">
        <span class="icon icon-pencil-alt" title="Édition rapide"></span>
        Édition rapide
    </a>
</div>

    
    
        <h2 class="title card-header js-heading">
            

            <span class="collapse-inline">
                Page dédiée à ma passion automobile
                
            </span>

            

        </h2>
    

    <div class="block" id="user_blockinstance_132150_target">
        
        
            

<div class="textblock card-body flush">
<p>Sur cette nouvelle page, je vais vous faire part de ma passion pour l'automobile que j'ai pu avoir dès l'âge de 6 ans.<br />En voici, une vidéo juste en dessous qui illustre le type de voiture qui est le plus solide que l'industrie automobile.</p>
</div>


        
    </div>
</div>
</div><div id="user_block_132178"><div class="bt-externalvideo gridstackblock card card-secondary card-brand clearfix" id="user_blockinstance_132178">
    
    
    
        <h2 class="title card-header js-heading">
            

            <span class="collapse-inline">
                Emplacement
                
            </span>

            

        </h2>
    

    <div class="block" id="user_blockinstance_132178_target">
        
        
            <div class="mediaplayer-container text-center card-body">
  <div id="user_vid_132178" class="mediaplayer" style="margin:0 auto;">
    <iframe class="externalvideoiframe" width="560" height="349" src="https://www.youtube.com/embed/L528OdUjHkw?start=" allowfullscreen="1"></iframe>
    
  </div>
</div>

        
    </div>
</div>
</div><div id="user_block_132014"><div class="bt-text gridstackblock card card-secondary clearfix" id="user_blockinstance_132014">
    
    
        <div class="block-header quick-edit d-none">
    <a class="modal_link list-group-heading" href="#" title="Édition rapide">
        <span class="icon icon-pencil-alt" title="Édition rapide"></span>
        Édition rapide
    </a>
</div>

    
    
        <h2 class="title card-header js-heading">
            

            <span class="collapse-inline">
                Présentation
                
            </span>

            

        </h2>
    

    <div class="block" id="user_blockinstance_132014_target">
        
        
            

<div class="textblock card-body flush">
<p>Ceci est mon premier bloc de la page <strong>"Découverte de la page de Mahara ..."</strong></p>
<p> </p>
<p><strong>1. Item</strong></p>
<p><strong>2. </strong></p>
</div>


        
    </div>
</div>
</div></div></div></content>
        <rdf:type rdf:resource="leap2:selection"/>



        <category term="Webpage" scheme="categories:selection_type#"/>





        <mahara:view mahara:newlayout="1" mahara:type="portfolio" mahara:ownerformat="6">
        
            
            <mahara:blockinstance mahara:blocktype="text" mahara:blocktitle="Page dédiée à ma passion automobile" mahara:positionx="0" mahara:positiony="0" mahara:height="17" mahara:width="8">
                
                    
                    <mahara:text>[&quot;&lt;p&gt;Sur cette nouvelle page, je vais vous faire part de ma passion pour l&#039;automobile que j&#039;ai pu avoir d&amp;egrave;s l&#039;&amp;acirc;ge de 6 ans.&lt;br \/&gt;En voici, une vid&amp;eacute;o juste en dessous qui illustre le type de voiture qui est le plus solide que l&#039;industrie automobile.&lt;\/p&gt;&quot;]</mahara:text>
                    
                
                    
                    <mahara:instructions></mahara:instructions>
                    
                
                
                
            </mahara:blockinstance>
            
            <mahara:blockinstance mahara:blocktype="externalvideo" mahara:blocktitle="Emplacement" mahara:positionx="0" mahara:positiony="17" mahara:height="31" mahara:width="4">
                
                    
                    <mahara:videoid>[&quot;&lt;iframe class=\&quot;externalvideoiframe\&quot; width=\&quot;560\&quot; height=\&quot;349\&quot; src=\&quot;https:\/\/www.youtube.com\/embed\/L528OdUjHkw?start=\&quot; allowfullscreen=\&quot;1\&quot;&gt;&lt;\/iframe&gt;&quot;]</mahara:videoid>
                    
                
                    
                    <mahara:width>[560]</mahara:width>
                    
                
                    
                    <mahara:height>[349]</mahara:height>
                    
                
                    
                    <mahara:tags>[null]</mahara:tags>
                    
                
                    
                    <mahara:retractable>[0]</mahara:retractable>
                    
                
                    
                    <mahara:retractedonload>[0]</mahara:retractedonload>
                    
                
                    
                    <mahara:html>[&quot;&lt;iframe class=\&quot;externalvideoiframe\&quot; width=\&quot;560\&quot; height=\&quot;349\&quot; src=\&quot;https:\/\/www.youtube.com\/embed\/L528OdUjHkw?start=\&quot; allowfullscreen=\&quot;1\&quot;&gt;&lt;\/iframe&gt;&quot;]</mahara:html>
                    
                
                
                
            </mahara:blockinstance>
            
            <mahara:blockinstance mahara:blocktype="text" mahara:blocktitle="Présentation" mahara:positionx="0" mahara:positiony="48" mahara:height="5" mahara:width="4">
                
                    
                    <mahara:text>[&quot;&lt;p&gt;Ceci est mon premier bloc de la page &lt;strong&gt;\&quot;D&amp;eacute;couverte de la page de Mahara ...\&quot;&lt;\/strong&gt;&lt;\/p&gt;\r\n&lt;p&gt;&amp;nbsp;&lt;\/p&gt;\r\n&lt;p&gt;&lt;strong&gt;1. Item&lt;\/strong&gt;&lt;\/p&gt;\r\n&lt;p&gt;&lt;strong&gt;2. &lt;\/strong&gt;&lt;\/p&gt;&quot;]</mahara:text>
                    
                
                    
                    <mahara:instructions></mahara:instructions>
                    
                
                
                
            </mahara:blockinstance>
            
        
        </mahara:view>
    </entry>

    <entry>
        <title>Ma page de profil</title>
        <id>portfolio:view31155</id>

        <updated>2022-10-15T16:04:55+02:00</updated>
        <published>2022-09-27T11:11:59+02:00</published>

        <summary type="xhtml"><div xmlns="http://www.w3.org/1999/xhtml"><div>Sur cette page de profil, je vais pouvoir me présenter à vous, vous amener à mes expériences que j'ai vécu, à pouvoir en savoir plus sur moi et mon parcours.</div></div></summary>

   <subtitle type="xhtml"><div xmlns="http://www.w3.org/1999/xhtml"><div></div></div></subtitle>
        <content type="xhtml"><div xmlns="http://www.w3.org/1999/xhtml"><div><div id="user_block_135015"><div class="bt-image gridstackblock card card-secondary clearfix" id="user_blockinstance_135015">
    
        <div class="block-header d-none">
    
        <a class="commentlink" href="#" title="">
        
            
                <span class="icon icon-plus" title="Commentaires et les détails"></span>
                Ajouter un commentaire
                <span class="bh-margin-left icon icon-search-plus"></span>
                Détails
            
        
        </a>
    
</div>

    
    
    
        
    

    <div class="no-heading block" id="user_blockinstance_135015_target">
        
        
            <div class="imageblock card-body">
    <div class="image">
        
        <a class="modal_link" href="#">
            <img rel="leap2:has_part" href="portfolio:artefact88876" alt="N'hésitez pas à parcourir la page pour en apprendre plus sur moi(2).gif" title="N'hésitez pas à parcourir la page pour en apprendre plus sur moi(2).gif" />
        </a>
        
    </div>

    
</div>

        
    </div>
</div>
</div><div id="user_block_135686"><div class="bt-image gridstackblock card card-secondary clearfix" id="user_blockinstance_135686">
    
        <div class="block-header d-none">
    
        <a class="commentlink" href="#" title="">
        
            
                <span class="icon icon-plus" title="Commentaires et les détails"></span>
                Ajouter un commentaire
                <span class="bh-margin-left icon icon-search-plus"></span>
                Détails
            
        
        </a>
    
</div>

    
    
    
        
    

    <div class="no-heading block" id="user_blockinstance_135686_target">
        
        
            <div class="imageblock card-body">
    <div class="image">
        
        <a class="modal_link" href="#">
            <img rel="leap2:has_part" href="portfolio:artefact89351" alt="Proposition Marketing.gif" title="Proposition Marketing.gif" />
        </a>
        
    </div>

    
</div>

        
    </div>
</div>
</div><div id="user_block_135691"><div class="bt-text gridstackblock card card-secondary clearfix" id="user_blockinstance_135691">
    
    
        <div class="block-header quick-edit d-none">
    <a class="modal_link list-group-heading" href="#" title="Édition rapide">
        <span class="icon icon-pencil-alt" title="Édition rapide"></span>
        Édition rapide
    </a>
</div>

    
    
        
    

    <div class="no-heading block" id="user_blockinstance_135691_target">
        
        
            

<div class="textblock card-body flush">
<h5>Bienvenue à vous sur ma page de présentation Mahara ! 🙂</h5>
<p><strong>Je m'appelle Mounir BENTEFRIT et je suis actuellement en 1ère année de BUT - Réseaux et télécommunications au sein de l'IUT de Créteil-Vitry situé au 122 Rue Paul Armangot, 94400 Vitry-sur-Seine.</strong></p>
<h6>A travers cette page, vous pourrez découvrir qui-suis-je, découvrir des compétences personnelles auxquels j'ai pu acquérir à travers mon parcours scolaire, les sports que je pratique et tant d'autres choses à découvrir ... ! </h6>
<h6><br />Bonne navigation !</h6>
</div>


        
    </div>
</div>
</div><div id="user_block_135022"><div class="bt-profileinfo gridstackblock card card-secondary card-regular clearfix" id="user_blockinstance_135022">
    
    
    
        <h2 class="title card-header js-heading">
            

            <span class="collapse-inline">
                Moyen de contact 📞 
                
            </span>

            

        </h2>
    

    <div class="block" id="user_blockinstance_135022_target">
        
        
            
    
    <div class="card-body flush">
    
    
    
        <p><strong>Voici l'ensemble des moyens de contact que je possède auxquels vous pouvez utiliser pour pouvoir me contacter.</strong></p>
<p><strong>Les voici ⤵️ :</strong></p>
    
    
        <ul class="unstyled profile-info">
        
            <li><strong>Prénom:</strong> Mounir</li>
        
            <li><strong>Nom:</strong> BENTEFRIT</li>
        
            <li><strong>Identifiant étudiant:</strong> u32208100</li>
        
            <li><strong>Adresse de courriel:</strong> <a href="mailto:mounir.bentefrit@etu.u-pec.fr">mounir.bentefrit@etu.u-pec.fr</a></li>
        
            <li><strong>Pays:</strong> France</li>
        
        </ul>
    
    
        <h3 class="sr-only">Réseaux sociaux</h3>
        <ul class="unstyled profile-info">
        
            <li><strong>Linkedin:</strong>
                <a href="https://www.linkedin.com/in/mounir-bentefrit-9851b6251/" title="https://www.linkedin.com/in/mounir-bentefrit-9851b6251/"></a><a href="https://www.linkedin.com/in/mounir-bentefrit-9851b6251/">https://www.linkedin.com/in/mounir-bentefrit-9851b6251/</a>
            </li>
        
        </ul>
    
    
    
    </div>
    


        
    </div>
</div>
</div><div id="user_block_135915"><div class="bt-image gridstackblock card card-secondary clearfix" id="user_blockinstance_135915">
    
        <div class="block-header d-none">
    
        <a class="commentlink" href="#" title="">
        
            
                <span class="icon icon-plus" title="Commentaires et les détails"></span>
                Ajouter un commentaire
                <span class="bh-margin-left icon icon-search-plus"></span>
                Détails
            
        
        </a>
    
</div>

    
    
    
        
    

    <div class="no-heading block" id="user_blockinstance_135915_target">
        
        
            <div class="imageblock card-body">
    <div class="image">
        
        <a class="modal_link" href="#">
            <img rel="leap2:has_part" href="portfolio:artefact89493" alt="Mon CV complet.png" title="Mon CV complet.png" />
        </a>
        
    </div>

    
</div>

        
    </div>
</div>
</div><div id="user_block_135916"><div class="bt-image gridstackblock card card-secondary clearfix" id="user_blockinstance_135916">
    
        <div class="block-header d-none">
    
        <a class="commentlink" href="#" title="">
        
            
                <span class="icon icon-plus" title="Commentaires et les détails"></span>
                Ajouter un commentaire
                <span class="bh-margin-left icon icon-search-plus"></span>
                Détails
            
        
        </a>
    
</div>

    
    
    
        
    

    <div class="no-heading block" id="user_blockinstance_135916_target">
        
        
            <div class="imageblock card-body">
    <div class="image">
        
        <a class="modal_link" href="#">
            <img rel="leap2:has_part" href="portfolio:artefact89494" alt="Objectifs.gif" title="Objectifs.gif" />
        </a>
        
    </div>

    
</div>

        
    </div>
</div>
</div><div id="user_block_135913"><div class="bt-entireresume gridstackblock card card-secondary clearfix" id="user_blockinstance_135913">
    
    
    
        
    

    <div class="no-heading block" id="user_blockinstance_135913_target">
        
        
            
<div class="list-group">
    

    
    <div class="list-group-item flush">
        <h3 class="title">Centres d'intérêt</h3>
        
    <div class="card-body flush">
        <p><strong>Mes principaux centres d'intérêt sont :</strong></p>
<ul>
<li><strong>Le sport :</strong> Le football, le basket, le cyclisme et les courses automobiles</li>
<li><strong>L'informatique :</strong> Je possède une affinité avec le codage : coder des pages web encore des jeux grâce à Python, pouvoir étudier le fonctionnement d'un ordinateur et je possède une réelle passion pour le high-tech.</li>
<li> </li>
</ul>
    </div>


    </div>
    

    

    
    <div class="list-group-item flush">
        <h3 class="title">Informations personnelles</h3>
        <div class="card-body flush">
    <table class="table resumepersonalinfo profile-info">
    
        
        <tr>
            <th>Date de naissance</th>
            <td>18 December 2004</td>
        </tr>
        
    
        
        <tr>
            <th>Lieu de naissance</th>
            <td>Créteil</td>
        </tr>
        
    
        
        <tr>
            <th>Citoyenneté</th>
            <td>Française</td>
        </tr>
        
    
        
    
        
        <tr>
            <th>Sexe</th>
            <td>Homme</td>
        </tr>
        
    
        
        <tr>
            <th>Etat civil</th>
            <td>Célibataire</td>
        </tr>
        
    
    </table>
    
</div>

    </div>
    

    
        <div class="list-group-item flush">
            

            

            
            <div class="resume-content">
                <h3 class="title">Objectifs de carrière</h3>
                <div class="card-body flush">
<p><strong>Objectifs de carrière :</strong></p>
<ul>
<li><strong>Poursuite d'études : Etant actuellement étudiant à l'IUT de Vitry dans le domaine du BUT - Réseaux et Télécommunications, je compte pouvoir après cette première année , effectuer une deuxième année dans cet IUT en trouvant un stage en alternance qui me permettra d'une part de me familiariser avec le métier que je souhaite et de l'autre de pouvoir acquérir des compétences professionnelles qui me seront utiles pour pouvoir exercer un métier.</strong></li>
</ul>


</div>

            </div>
            

        </div>
    

    
        <div class="list-group-item flush">
            
            <div class="resume-content">
                <h3 class="title">Compétences personnelles</h3>
                <div class="card-body flush">
<p><span style="text-decoration:underline;"><strong>Compétences :</strong></span></p>
<ul>
<li style="list-style-type:none;">
<ul>
<li><strong>Informatique 💻 :</strong> L'une des compétences auquel j'ai une bonne maîtrise est l'informatique, auquel j'ai une réel passion pour ce domaine qui évolue constamment chaque jour. Étant curieux et passionné par ce domaine, j'ai pu apprendre à coder une page HTML et une page CSS en regardant plusieurs tutoriels. Je peux installer un système d'exploitation sur un ordinateur n'en possédant aucun, détecter d'éventuels pannes auxquels un ordinateur peut encontrer et bien d'autres choses. J'ai une base solide en informatique qui me permet de découvrir encore de nouvelles choses dans ce domaine qui évolue constamment chaque jour.</li>
<li>
<p><strong>Capacité à gérer un petit groupe de personne : </strong><span style="font-family:verdana, geneva;">La 2ème compétence à laquelle je souhaite mettre en avant, c'est la capacité à pouvoir gérer une équipe. En ayant cette capacité, je peux répartir des tâches à l'ensemble de l'équipe en expliquant de manière claire à chacun des membres de cette équipe comment doivent-ils s'organiser afin que nous soyons organisé et efficace sur notre tâche ou notre mission à réaliser. A mon niveau d'étudiant, lors de séances de TP notamment et que nous devons réaliser un défi, c'est à dire demande alors une implication de l'ensemble du groupe, je peux répartir les différentes tâches entre les différents membres de l'équipe.</span></p>
</li>
</ul>
</li>
</ul>


</div>

            </div>
            

            

            
        </div>
    

    
        <div class="list-group-item flush">
            

            
            <div class="resume-content">
                <h3 class="title">Historique de formation</h3>
                

<div id="user_educationhistorylist_97c8" class="list-group list-group-lite list-group-top-border">
    
    <div class="list-group-item flush-collapsible">
        
            <h3 class="list-group-item-heading">
                <a href="#education-content-942" class="text-left collapsed collapsible">
                    Baccalauréat (Diplôme) à LYCEE JOHANNES GUTENBERG
                    <span class="icon icon-chevron-down float-right collapse-indicator"></span>
                </a>
            </h3>
        

        <span class="text-small text-muted">
            Septembre 2019
             - Juillet 2022
        </span>

        <div id="user_education-content-942" class="collapse resume-content">
            

            
                <span class="text-small text-muted">
                    Adresse : 16 - 18 Rue de Saussure, 94000 Créteil
                </span>
            

            
        </div>
    </div>
    
    <div class="list-group-item flush-collapsible">
        
            <h3 class="list-group-item-heading">
                <a href="#education-content-1010" class="text-left collapsed collapsible">
                    BUT - Réseaux et Télécommunications à Université Paris-Est Créteil (Site de Vitry)
                    <span class="icon icon-chevron-down float-right collapse-indicator"></span>
                </a>
            </h3>
        

        <span class="text-small text-muted">
            1er septembre 2022
             - Juillet 2025
        </span>

        <div id="user_education-content-1010" class="collapse resume-content">
            

            
                <span class="text-small text-muted">
                    Adresse : 122 Rue Paul Armangot
                </span>
            

            
        </div>
    </div>
    
</div>


            </div>
            
        </div>
    


    
    <div class="list-group-item flush">
        <h3 class="title">Certifications, accréditations et prix obtenus</h3>
        <div class="resume-content">


<div id="user_certificationlist_d7a2" class="list-group list-group-lite list-group-top-border">
    
    <div class="list-group-item flush-collapsible">

        
            <h4 class="list-group-item-heading">
                <a href="#certification-content-381" class="text-left collapsed collapsible">
                    Diplôme du Baccaularéat
                    <span class="icon icon-chevron-down float-right collapse-indicator"></span>
                </a>
            </h4>
        
        <span class="text-small text-muted">
            5 juillet 2022
        </span>

        <div id="user_certification-content-381" class="collapse resume-content">
            
            <p class="content-text">
                </p><p>Après 3 ans de formation au Lycée Johannes Gutenberg, j'ai passé les différentes épreuves de baccalauréat (Spécialités, philosophie, grand oral, ...) et le 5 juillet 2022, le jour de l'annonce des résultats du baccalauréat, j'ai pu prendre connaissance de mes résultats et j'ai alors décroché le diplôme du baccalauréat.</p>
            
            

            
        </div>
    </div>
    
</div>
</div>
    </div>
    

    

    
</div>


        
    </div>
</div>
</div></div></div></content>
        <rdf:type rdf:resource="leap2:selection"/>

        <link rel="leap2:has_part" href="portfolio:artefact89351"/>
        <link rel="leap2:has_part" href="portfolio:artefact89494"/>
        <link rel="leap2:has_part" href="portfolio:artefact88876"/>
        <link rel="leap2:has_part" href="portfolio:artefact89493"/>
        <link rel="leap2:has_part" href="portfolio:artefact86302"/>
        <link rel="leap2:has_part" href="portfolio:artefact86303"/>
        <link rel="leap2:has_part" href="portfolio:artefact86304"/>
        <link rel="leap2:has_part" href="portfolio:artefact89364"/>
        <link rel="leap2:has_part" href="portfolio:artefact89366"/>
        <link rel="leap2:has_part" href="portfolio:artefact87541"/>
        <link rel="leap2:has_part" href="portfolio:artefact87542"/>
        <link rel="leap2:has_part" href="portfolio:artefact87739"/>
        <link rel="leap2:has_part" href="portfolio:artefact87545"/>
        <link rel="leap2:has_part" href="portfolio:artefact87835"/>
        <link rel="leap2:has_part" href="portfolio:artefact89492"/>


        <category term="Webpage" scheme="categories:selection_type#"/>
        <category term="Page-de-profil" label="Page de profil"/>





        <mahara:view mahara:newlayout="1" mahara:type="portfolio" mahara:ownerformat="6">
        
            
            <mahara:blockinstance mahara:blocktype="image" mahara:blocktitle="" mahara:positionx="0" mahara:positiony="0" mahara:height="57" mahara:width="12">
                
                    
                    <mahara:artefactid>[&quot;portfolio:artefact88876&quot;]</mahara:artefactid>
                    
                
                    
                    <mahara:showdescription>[false]</mahara:showdescription>
                    
                
                    
                    <mahara:width>[&quot;&quot;]</mahara:width>
                    
                
                    
                    <mahara:retractable>[0]</mahara:retractable>
                    
                
                    
                    <mahara:retractedonload>[0]</mahara:retractedonload>
                    
                
                
                
            </mahara:blockinstance>
            
            <mahara:blockinstance mahara:blocktype="image" mahara:blocktitle="" mahara:positionx="0" mahara:positiony="57" mahara:height="45" mahara:width="12">
                
                    
                    <mahara:artefactid>[&quot;portfolio:artefact89351&quot;]</mahara:artefactid>
                    
                
                    
                    <mahara:showdescription>[false]</mahara:showdescription>
                    
                
                    
                    <mahara:width>[&quot;&quot;]</mahara:width>
                    
                
                    
                    <mahara:retractable>[0]</mahara:retractable>
                    
                
                    
                    <mahara:retractedonload>[0]</mahara:retractedonload>
                    
                
                
                
            </mahara:blockinstance>
            
            <mahara:blockinstance mahara:blocktype="text" mahara:blocktitle="" mahara:positionx="0" mahara:positiony="102" mahara:height="20" mahara:width="12">
                
                    
                    <mahara:text>[&quot;&lt;h5&gt;Bienvenue &amp;agrave; vous sur ma page de pr&amp;eacute;sentation Mahara ! \ud83d\ude42&lt;\/h5&gt;\r\n&lt;p&gt;&lt;strong&gt;Je m&#039;appelle Mounir BENTEFRIT et je suis actuellement en 1&amp;egrave;re ann&amp;eacute;e de BUT - R&amp;eacute;seaux et t&amp;eacute;l&amp;eacute;communications au sein de l&#039;IUT de Cr&amp;eacute;teil-Vitry situ&amp;eacute; au 122 Rue Paul Armangot, 94400 Vitry-sur-Seine.&lt;\/strong&gt;&lt;\/p&gt;\r\n&lt;h6&gt;A travers cette page, vous pourrez d&amp;eacute;couvrir qui-suis-je, d&amp;eacute;couvrir des comp&amp;eacute;tences personnelles auxquels j&#039;ai pu acqu&amp;eacute;rir &amp;agrave; travers mon parcours scolaire, les sports que je pratique et tant d&#039;autres choses &amp;agrave; d&amp;eacute;couvrir ... !&amp;nbsp;&lt;\/h6&gt;\r\n&lt;h6&gt;&lt;br \/&gt;Bonne navigation !&lt;\/h6&gt;&quot;]</mahara:text>
                    
                
                    
                    <mahara:instructions></mahara:instructions>
                    
                
                
                
            </mahara:blockinstance>
            
            <mahara:blockinstance mahara:blocktype="profileinfo" mahara:blocktitle="Moyen de contact 📞 " mahara:positionx="0" mahara:positiony="122" mahara:height="22" mahara:width="11">
                
                    
                    <mahara:fields>[[&quot;firstname&quot;,&quot;lastname&quot;,&quot;studentid&quot;,&quot;country&quot;,&quot;socialprofile&quot;]]</mahara:fields>
                    
                
                    
                    <mahara:email>[&quot;mounir.bentefrit@etu.u-pec.fr&quot;]</mahara:email>
                    
                
                    
                    <mahara:introtext>[&quot;&lt;p&gt;&lt;strong&gt;Voici l&#039;ensemble des moyens de contact que je poss&amp;egrave;de auxquels vous pouvez utiliser pour pouvoir me contacter.&lt;\/strong&gt;&lt;\/p&gt;\r\n&lt;p&gt;&lt;strong&gt;Les voici \u2935\ufe0f :&lt;\/strong&gt;&lt;\/p&gt;&quot;]</mahara:introtext>
                    
                
                
                
            </mahara:blockinstance>
            
            <mahara:blockinstance mahara:blocktype="image" mahara:blocktitle="" mahara:positionx="0" mahara:positiony="144" mahara:height="24" mahara:width="5">
                
                    
                    <mahara:artefactid>[&quot;portfolio:artefact89493&quot;]</mahara:artefactid>
                    
                
                    
                    <mahara:showdescription>[false]</mahara:showdescription>
                    
                
                    
                    <mahara:width>[&quot;&quot;]</mahara:width>
                    
                
                    
                    <mahara:retractable>[0]</mahara:retractable>
                    
                
                    
                    <mahara:retractedonload>[0]</mahara:retractedonload>
                    
                
                
                
            </mahara:blockinstance>
            
            <mahara:blockinstance mahara:blocktype="image" mahara:blocktitle="" mahara:positionx="5" mahara:positiony="144" mahara:height="27" mahara:width="5">
                
                    
                    <mahara:artefactid>[&quot;portfolio:artefact89494&quot;]</mahara:artefactid>
                    
                
                    
                    <mahara:showdescription>[false]</mahara:showdescription>
                    
                
                    
                    <mahara:width>[&quot;&quot;]</mahara:width>
                    
                
                    
                    <mahara:retractable>[0]</mahara:retractable>
                    
                
                    
                    <mahara:retractedonload>[0]</mahara:retractedonload>
                    
                
                
                
            </mahara:blockinstance>
            
            <mahara:blockinstance mahara:blocktype="entireresume" mahara:blocktitle="" mahara:positionx="0" mahara:positiony="168" mahara:height="168" mahara:width="5">
                
                    
                    <mahara:tags>[null]</mahara:tags>
                    
                
                    
                    <mahara:retractable>[1]</mahara:retractable>
                    
                
                    
                    <mahara:retractedonload>[0]</mahara:retractedonload>
                    
                
                
                
            </mahara:blockinstance>
            
        
        </mahara:view>
    </entry>

    <entry>
        <title>Journal de Mounir Bentefrit</title>
        <id>portfolio:artefact86312</id>

        <updated>2022-09-20T16:04:30+02:00</updated>
        <published>2022-09-20T16:04:30+02:00</published>




        <content type="xhtml"><div xmlns="http://www.w3.org/1999/xhtml"><div></div></div></content>
        <rdf:type rdf:resource="leap2:selection"/>
        <mahara:artefactplugin mahara:type="blog" mahara:plugin="blog"/>


        <category term="Blog" scheme="categories:selection_type#"/>




    </entry>


    <entry>
        <title>Images de couverture</title>
        <id>portfolio:artefact86387</id>

        <updated>2022-09-20T16:04:39+02:00</updated>
        <published>2022-09-20T16:04:39+02:00</published>




        <content></content>
        <rdf:type rdf:resource="leap2:selection"/>
        <mahara:artefactplugin mahara:type="folder" mahara:plugin="file"/>


        <category term="Folder" scheme="categories:selection_type#"/>




    </entry>


    <entry>
        <title>Historique de formation</title>
        <id>portfolio:artefact87542</id>

        <updated>2022-10-15T15:03:12+02:00</updated>
        <published>2022-09-26T15:03:49+02:00</published>




        <content></content>
        <rdf:type rdf:resource="leap2:selection"/>
        <mahara:artefactplugin mahara:type="educationhistory" mahara:plugin="resume"/>
        <link rel="leap2:has_part" href="portfolio:resumecomposite-87542-child-942" leap2:display_order="1"/>
        <link rel="leap2:has_part" href="portfolio:resumecomposite-87542-child-1010" leap2:display_order="2"/>


        <category term="Grouping" scheme="categories:selection_type#"/>




    </entry>


    <entry>
        <title>Baccalauréat</title>
        <id>portfolio:resumecomposite-87542-child-942</id>

        <updated>2022-10-15T15:03:12+02:00</updated>





        <content></content>
        <rdf:type rdf:resource="leap2:activity"/>
        <mahara:artefactplugin mahara:type="pseudo:educationhistory" mahara:plugin="resume"/>
        <link rel="leap2:is_part_of" href="portfolio:artefact87542" leap2:display_order="1"/>
        <link rel="leap2:supported_by" href="portfolio:resumesibling-87542-sibling-942-rel-supports"/>
        <link rel="leap2:supports" href="portfolio:resumesibling-87542-sibling-942-rel-supported_by"/>


        <category term="Education" scheme="categories:life_area#"/>






        <leap2:date leap2:point="start" leap2:label="Septembre 2019"></leap2:date>

        <leap2:date leap2:point="end" leap2:label="Juillet 2022"></leap2:date>

    </entry>

    <entry>
        <title>LYCEE JOHANNES GUTENBERG</title>
        <id>portfolio:resumesibling-87542-sibling-942-rel-supports</id>

        <updated>2022-10-15T15:03:12+02:00</updated>





        <content></content>
        <rdf:type rdf:resource="leap2:organization"/>
        <mahara:artefactplugin mahara:type="pseudo:educationhistory" mahara:plugin="resume"/>
        <link rel="leap2:supports" href="portfolio:resumecomposite-87542-child-942"/>










    </entry>

    <entry>
        <title>Diplôme</title>
        <id>portfolio:resumesibling-87542-sibling-942-rel-supported_by</id>

        <updated>2022-10-15T15:03:12+02:00</updated>





        <content>Baccalauréat</content>
        <rdf:type rdf:resource="leap2:achievement"/>
        <mahara:artefactplugin mahara:type="pseudo:educationhistory" mahara:plugin="resume"/>
        <link rel="leap2:supported_by" href="portfolio:resumecomposite-87542-child-942"/>










    </entry>

    <entry>
        <title>BUT - Réseaux et Télécommunications</title>
        <id>portfolio:resumecomposite-87542-child-1010</id>

        <updated>2022-10-15T15:03:12+02:00</updated>





        <content></content>
        <rdf:type rdf:resource="leap2:activity"/>
        <mahara:artefactplugin mahara:type="pseudo:educationhistory" mahara:plugin="resume"/>
        <link rel="leap2:is_part_of" href="portfolio:artefact87542" leap2:display_order="2"/>
        <link rel="leap2:supported_by" href="portfolio:resumesibling-87542-sibling-1010-rel-supports"/>
        <link rel="leap2:supports" href="portfolio:resumesibling-87542-sibling-1010-rel-supported_by"/>


        <category term="Education" scheme="categories:life_area#"/>






        <leap2:date leap2:point="start" leap2:label="1er septembre 2022"></leap2:date>

        <leap2:date leap2:point="end" leap2:label="Juillet 2025"></leap2:date>

    </entry>

    <entry>
        <title>Université Paris-Est Créteil (Site de Vitry)</title>
        <id>portfolio:resumesibling-87542-sibling-1010-rel-supports</id>

        <updated>2022-10-15T15:03:12+02:00</updated>





        <content></content>
        <rdf:type rdf:resource="leap2:organization"/>
        <mahara:artefactplugin mahara:type="pseudo:educationhistory" mahara:plugin="resume"/>
        <link rel="leap2:supports" href="portfolio:resumecomposite-87542-child-1010"/>










    </entry>

    <entry>
        <title></title>
        <id>portfolio:resumesibling-87542-sibling-1010-rel-supported_by</id>

        <updated>2022-10-15T15:03:12+02:00</updated>





        <content>BUT - Réseaux et Télécommunications</content>
        <rdf:type rdf:resource="leap2:achievement"/>
        <mahara:artefactplugin mahara:type="pseudo:educationhistory" mahara:plugin="resume"/>
        <link rel="leap2:supported_by" href="portfolio:resumecomposite-87542-child-1010"/>










    </entry>

    <entry>
        <title>Compétences personnelles</title>
        <id>portfolio:artefact87545</id>

        <updated>2022-09-27T11:11:32+02:00</updated>
        <published>2022-09-26T15:03:16+02:00</published>




        <content type="xhtml"><div xmlns="http://www.w3.org/1999/xhtml"><div><p><span style="text-decoration:underline;"><strong>Compétences :</strong></span></p>
<ul>
<li style="list-style-type:none;">
<ul>
<li><strong>Informatique 💻 :</strong> L'une des compétences auquel j'ai une bonne maîtrise est l'informatique, auquel j'ai une réel passion pour ce domaine qui évolue constamment chaque jour. Étant curieux et passionné par ce domaine, j'ai pu apprendre à coder une page HTML et une page CSS en regardant plusieurs tutoriels. Je peux installer un système d'exploitation sur un ordinateur n'en possédant aucun, détecter d'éventuels pannes auxquels un ordinateur peut encontrer et bien d'autres choses. J'ai une base solide en informatique qui me permet de découvrir encore de nouvelles choses dans ce domaine qui évolue constamment chaque jour.</li>
<li>
<p><strong>Capacité à gérer un petit groupe de personne : </strong><span style="font-family:verdana, geneva;">La 2ème compétence à laquelle je souhaite mettre en avant, c'est la capacité à pouvoir gérer une équipe. En ayant cette capacité, je peux répartir des tâches à l'ensemble de l'équipe en expliquant de manière claire à chacun des membres de cette équipe comment doivent-ils s'organiser afin que nous soyons organisé et efficace sur notre tâche ou notre mission à réaliser. A mon niveau d'étudiant, lors de séances de TP notamment et que nous devons réaliser un défi, c'est à dire demande alors une implication de l'ensemble du groupe, je peux répartir les différentes tâches entre les différents membres de l'équipe.</span></p>
</li>
</ul>
</li>
</ul></div></div></content>
        <rdf:type rdf:resource="leap2:ability"/>
        <mahara:artefactplugin mahara:type="personalskill" mahara:plugin="resume"/>
        <link rel="leap2:is_part_of" href="portfolio:view30766"/>
        <link rel="leap2:is_part_of" href="portfolio:view31155"/>






    </entry>


    <entry>
        <title>new 1.html</title>
        <id>portfolio:artefact87667</id>

        <updated>2022-09-27T10:10:14+02:00</updated>
        <published>2022-09-27T10:10:14+02:00</published>




        <content type="xhtml"><div xmlns="http://www.w3.org/1999/xhtml"><div></div></div></content>
        <rdf:type rdf:resource="leap2:resource"/>
        <mahara:artefactplugin mahara:type="file" mahara:plugin="file"/>
        <link rel="enclosure" type="text/html" href="export_info/files/87667-new 1.html"/>


        <category term="Offline" scheme="categories:resource_type#" label="File"/>




    </entry>


    <entry>
        <title>new 1.html.1</title>
        <id>portfolio:artefact87710</id>

        <updated>2022-09-27T10:10:36+02:00</updated>
        <published>2022-09-27T10:10:36+02:00</published>




        <content type="xhtml"><div xmlns="http://www.w3.org/1999/xhtml"><div></div></div></content>
        <rdf:type rdf:resource="leap2:resource"/>
        <mahara:artefactplugin mahara:type="file" mahara:plugin="file"/>
        <link rel="enclosure" type="text/html" href="export_info/files/87710-new 1.html.1"/>


        <category term="Offline" scheme="categories:resource_type#" label="File"/>




    </entry>


    <entry>
        <title>htmlportfolio.html</title>
        <id>portfolio:artefact87711</id>

        <updated>2022-09-27T10:10:47+02:00</updated>
        <published>2022-09-27T10:10:47+02:00</published>




        <content type="xhtml"><div xmlns="http://www.w3.org/1999/xhtml"><div></div></div></content>
        <rdf:type rdf:resource="leap2:resource"/>
        <mahara:artefactplugin mahara:type="file" mahara:plugin="file"/>
        <link rel="enclosure" type="text/html" href="export_info/files/87711-htmlportfolio.html"/>
        <link rel="leap2:is_part_of" href="portfolio:view30766"/>


        <category term="Offline" scheme="categories:resource_type#" label="File"/>




    </entry>


    <entry>
        <title>Objectifs de carrière</title>
        <id>portfolio:artefact87739</id>

        <updated>2022-10-15T16:04:38+02:00</updated>
        <published>2022-09-27T10:10:19+02:00</published>




        <content type="xhtml"><div xmlns="http://www.w3.org/1999/xhtml"><div><p><strong>Objectifs de carrière :</strong></p>
<ul>
<li><strong>Poursuite d'études : Etant actuellement étudiant à l'IUT de Vitry dans le domaine du BUT - Réseaux et Télécommunications, je compte pouvoir après cette première année , effectuer une deuxième année dans cet IUT en trouvant un stage en alternance qui me permettra d'une part de me familiariser avec le métier que je souhaite et de l'autre de pouvoir acquérir des compétences professionnelles qui me seront utiles pour pouvoir exercer un métier.</strong></li>
</ul></div></div></content>
        <rdf:type rdf:resource="leap2:entry"/>
        <mahara:artefactplugin mahara:type="careergoal" mahara:plugin="resume"/>
        <link rel="leap2:is_part_of" href="portfolio:view30766"/>
        <link rel="leap2:is_part_of" href="portfolio:view31155"/>






    </entry>


    <entry>
        <title>En-travaux.jpg</title>
        <id>portfolio:artefact87825</id>

        <updated>2022-09-27T11:11:45+02:00</updated>
        <published>2022-09-27T11:11:45+02:00</published>




        <content type="xhtml"><div xmlns="http://www.w3.org/1999/xhtml"><div></div></div></content>
        <rdf:type rdf:resource="leap2:resource"/>
        <mahara:artefactplugin mahara:type="image" mahara:plugin="file"/>
        <link rel="enclosure" type="image/jpeg" href="export_info/files/87825-En-travaux.jpg"/>
        <link rel="leap2:is_part_of" href="portfolio:view30764"/>


        <category term="Offline" scheme="categories:resource_type#" label="File"/>




    </entry>


    <entry>
        <title>Centres d&#039;intérêt</title>
        <id>portfolio:artefact87835</id>

        <updated>2022-10-15T15:03:54+02:00</updated>
        <published>2022-09-27T11:11:03+02:00</published>




        <content type="xhtml"><div xmlns="http://www.w3.org/1999/xhtml"><div><p><strong>Mes principaux centres d'intérêt sont :</strong></p>
<ul>
<li><strong>Le sport :</strong> Le football, le basket, le cyclisme et les courses automobiles</li>
<li><strong>L'informatique :</strong> Je possède une affinité avec le codage : coder des pages web encore des jeux grâce à Python, pouvoir étudier le fonctionnement d'un ordinateur et je possède une réelle passion pour le high-tech.</li>
<li> </li>
</ul></div></div></content>
        <rdf:type rdf:resource="leap2:entry"/>
        <mahara:artefactplugin mahara:type="interest" mahara:plugin="resume"/>
        <link rel="leap2:is_part_of" href="portfolio:view30766"/>
        <link rel="leap2:is_part_of" href="portfolio:view31155"/>






    </entry>


    <entry>
        <title>N&#039;hésitez pas à parcourir la page pour en apprendre plus sur moi.gif</title>
        <id>portfolio:artefact88873</id>

        <updated>2022-10-06T15:03:45+02:00</updated>
        <published>2022-10-06T15:03:45+02:00</published>




        <content type="xhtml"><div xmlns="http://www.w3.org/1999/xhtml"><div></div></div></content>
        <rdf:type rdf:resource="leap2:resource"/>
        <mahara:artefactplugin mahara:type="image" mahara:plugin="file"/>
        <link rel="enclosure" type="image/gif" href="export_info/files/88873-N&#039;hésitez pas à parcourir la page pour en apprendre plus sur moi.gif"/>


        <category term="Offline" scheme="categories:resource_type#" label="File"/>




    </entry>


    <entry>
        <title>N&#039;hésitez pas à parcourir la page pour en apprendre plus sur moi(2).gif</title>
        <id>portfolio:artefact88876</id>

        <updated>2022-10-06T15:03:07+02:00</updated>
        <published>2022-10-06T15:03:07+02:00</published>




        <content type="xhtml"><div xmlns="http://www.w3.org/1999/xhtml"><div></div></div></content>
        <rdf:type rdf:resource="leap2:resource"/>
        <mahara:artefactplugin mahara:type="image" mahara:plugin="file"/>
        <link rel="enclosure" type="image/gif" href="export_info/files/88876-N&#039;hésitez pas à parcourir la page pour en apprendre plus sur moi(2).gif"/>
        <link rel="leap2:is_part_of" href="portfolio:view31155"/>


        <category term="Offline" scheme="categories:resource_type#" label="File"/>




    </entry>


    <entry>
        <title>Proposition Marketing.gif</title>
        <id>portfolio:artefact89351</id>

        <updated>2022-10-13T15:03:56+02:00</updated>
        <published>2022-10-13T15:03:56+02:00</published>




        <content type="xhtml"><div xmlns="http://www.w3.org/1999/xhtml"><div></div></div></content>
        <rdf:type rdf:resource="leap2:resource"/>
        <mahara:artefactplugin mahara:type="image" mahara:plugin="file"/>
        <link rel="enclosure" type="image/gif" href="export_info/files/89351-Proposition Marketing.gif"/>
        <link rel="leap2:is_part_of" href="portfolio:view31155"/>


        <category term="Offline" scheme="categories:resource_type#" label="File"/>




    </entry>


    <entry>
        <title>images</title>
        <id>portfolio:artefact89490</id>

        <updated>2022-10-15T15:03:52+02:00</updated>
        <published>2022-10-15T15:03:52+02:00</published>




        <content>Fichiers Image</content>
        <rdf:type rdf:resource="leap2:selection"/>
        <mahara:artefactplugin mahara:type="folder" mahara:plugin="file"/>
        <link rel="leap2:has_part" href="portfolio:artefact89491"/>


        <category term="Folder" scheme="categories:selection_type#"/>




    </entry>


    <entry>
        <title>Etudiant</title>
        <id>portfolio:artefact89491</id>

        <updated>2022-10-15T15:03:52+02:00</updated>
        <published>2022-10-15T15:03:52+02:00</published>

        <summary type="">Télécharger une image pour le profil</summary>


        <content type="xhtml"><div xmlns="http://www.w3.org/1999/xhtml"><div></div></div></content>
        <rdf:type rdf:resource="leap2:resource"/>
        <mahara:artefactplugin mahara:type="profileicon" mahara:plugin="file"/>
        <link rel="enclosure" type="image/png" href="export_info/files/89491-Etudiant"/>
        <link rel="leap2:is_part_of" href="portfolio:artefact89490"/>
        <link rel="related" href="portfolio:artefactinternal"/>


        <category term="Offline" scheme="categories:resource_type#" label="File"/>




    </entry>


    <entry>
        <title>Certifications, accréditations et prix obtenus</title>
        <id>portfolio:artefact89492</id>

        <updated>2022-10-15T15:03:15+02:00</updated>
        <published>2022-10-15T15:03:15+02:00</published>




        <content></content>
        <rdf:type rdf:resource="leap2:selection"/>
        <mahara:artefactplugin mahara:type="certification" mahara:plugin="resume"/>
        <link rel="leap2:has_part" href="portfolio:resumecomposite-89492-child-381" leap2:display_order="1"/>


        <category term="Grouping" scheme="categories:selection_type#"/>




    </entry>


    <entry>
        <title>Diplôme du Baccaularéat</title>
        <id>portfolio:resumecomposite-89492-child-381</id>

        <updated>2022-10-15T15:03:15+02:00</updated>





        <content>&lt;p&gt;Apr&amp;egrave;s 3 ans de formation au Lyc&amp;eacute;e Johannes Gutenberg, j&#039;ai pass&amp;eacute; les diff&amp;eacute;rentes &amp;eacute;preuves de baccalaur&amp;eacute;at (Sp&amp;eacute;cialit&amp;eacute;s, philosophie, grand oral, ...) et le 5 juillet 2022, le jour de l&#039;annonce des r&amp;eacute;sultats du baccalaur&amp;eacute;at, j&#039;ai pu prendre connaissance de mes r&amp;eacute;sultats et j&#039;ai alors d&amp;eacute;croch&amp;eacute; le dipl&amp;ocirc;me du baccalaur&amp;eacute;at.&lt;/p&gt;</content>
        <rdf:type rdf:resource="leap2:achievement"/>
        <mahara:artefactplugin mahara:type="pseudo:certification" mahara:plugin="resume"/>
        <link rel="leap2:is_part_of" href="portfolio:artefact89492" leap2:display_order="1"/>









        <leap2:date leap2:point="end" leap2:label="5 juillet 2022"></leap2:date>

    </entry>

    <entry>
        <title>Mon CV complet.png</title>
        <id>portfolio:artefact89493</id>

        <updated>2022-10-15T16:04:06+02:00</updated>
        <published>2022-10-15T16:04:06+02:00</published>




        <content type="xhtml"><div xmlns="http://www.w3.org/1999/xhtml"><div></div></div></content>
        <rdf:type rdf:resource="leap2:resource"/>
        <mahara:artefactplugin mahara:type="image" mahara:plugin="file"/>
        <link rel="enclosure" type="image/png" href="export_info/files/89493-Mon CV complet.png"/>
        <link rel="leap2:is_part_of" href="portfolio:view31155"/>


        <category term="Offline" scheme="categories:resource_type#" label="File"/>




    </entry>


    <entry>
        <title>Objectifs.gif</title>
        <id>portfolio:artefact89494</id>

        <updated>2022-10-15T16:04:17+02:00</updated>
        <published>2022-10-15T16:04:17+02:00</published>




        <content type="xhtml"><div xmlns="http://www.w3.org/1999/xhtml"><div></div></div></content>
        <rdf:type rdf:resource="leap2:resource"/>
        <mahara:artefactplugin mahara:type="image" mahara:plugin="file"/>
        <link rel="enclosure" type="image/gif" href="export_info/files/89494-Objectifs.gif"/>
        <link rel="leap2:is_part_of" href="portfolio:view31155"/>


        <category term="Offline" scheme="categories:resource_type#" label="File"/>




    </entry>


    <entry>
        <title>Mounir Bentefrit</title>
        <id>portfolio:artefactinternal</id>

        <updated>2022-10-13T15:03:08+02:00</updated>





        <content></content>
        <rdf:type rdf:resource="leap2:person"/>
        <mahara:artefactplugin mahara:type="internal" mahara:plugin="internal"/>
        <link rel="related" href="portfolio:artefact89491"/>


        <category term="Self" scheme="categories:person_type#"/>






        <leap2:persondata
            mahara:artefactplugin="internal"
            mahara:artefacttype="email"

            leap2:field="email"

            leap2:label="Adresse de courriel"

        >mounir.bentefrit@etu.u-pec.fr</leap2:persondata>

        <leap2:persondata
            mahara:artefactplugin="internal"
            mahara:artefacttype="firstname"

            leap2:field="legal_given_name"

            leap2:label="Prénom"

        >Mounir</leap2:persondata>

        <leap2:persondata
            mahara:artefactplugin="internal"
            mahara:artefacttype="lastname"

            leap2:field="legal_family_name"

            leap2:label="Nom"

        >BENTEFRIT</leap2:persondata>

        <leap2:persondata
            mahara:artefactplugin="internal"
            mahara:artefacttype="mobilenumber"

            leap2:field="mobile"

            leap2:label="Téléphone mobile"

        >0652568702</leap2:persondata>

        <leap2:persondata
            mahara:artefactplugin="internal"
            mahara:artefacttype="preferredname"

            leap2:field="preferred_given_name"

            leap2:label="Nom préféré"

        >Mounir Bentefrit</leap2:persondata>

        <leap2:persondata
            mahara:artefactplugin="internal"
            mahara:artefacttype="socialprofile"

            leap2:field="website"

            leap2:label="Linkedin"

        >https://www.linkedin.com/in/mounir-bentefrit-9851b6251/</leap2:persondata>

        <leap2:persondata
            mahara:artefactplugin="internal"
            mahara:artefacttype="studentid"

            leap2:field="other"

            leap2:label="Identifiant étudiant"

        >u32208100</leap2:persondata>

        <leap2:persondata
            mahara:artefactplugin="resume"
            mahara:artefacttype="personalinformation/dateofbirth"

            leap2:field="dob"

            leap2:label="Date de naissance"

        >2004-12-18T00:12:00+01:00</leap2:persondata>

        <leap2:persondata
            mahara:artefactplugin="resume"
            mahara:artefacttype="personalinformation/placeofbirth"

            leap2:field="other" mahara:field="placeofbirth"

            leap2:label="Lieu de naissance"

        >Créteil</leap2:persondata>

        <leap2:persondata
            mahara:artefactplugin="resume"
            mahara:artefacttype="personalinformation/citizenship"

            leap2:field="other" mahara:field="citizenship"

            leap2:label="Citoyenneté"

        >Française</leap2:persondata>

        <leap2:persondata
            mahara:artefactplugin="resume"
            mahara:artefacttype="personalinformation/gender"

            leap2:field="gender"

            leap2:label="[[gender/artefact.resume]]"

        >1</leap2:persondata>

        <leap2:persondata
            mahara:artefactplugin="resume"
            mahara:artefacttype="personalinformation/maritalstatus"

            leap2:field="other" mahara:field="maritalstatus"

            leap2:label="Etat civil"

        >Célibataire</leap2:persondata>


        <leap2:spatial>

            <leap2:country mahara:artefacttype="country" leap2:countrycode="fra">France</leap2:country>

        </leap2:spatial>

    </entry>

</feed>
